date,股票代码,open,close,high,low,volume,成交额,振幅,涨跌幅,涨跌额,换手率
2015-08-10,002346,14.85,16.98,17.56,14.85,248019,389767104.0,16.37,2.6,0.43,35.43
2015-08-11,002346,15.6,15.95,16.63,15.6,173784,280534416.0,6.07,-6.07,-1.03,24.83
2015-08-12,002346,15.63,15.13,16.19,14.88,107242,166972154.0,8.21,-5.14,-0.82,15.32
2015-08-13,002346,15.1,15.64,15.64,14.89,81212,124396986.0,4.96,3.37,0.51,11.6
2015-08-14,002346,15.8,17.2,17.2,15.64,190206,318715216.0,9.97,9.97,1.56,27.17
2015-08-17,002346,17.45,18.92,18.92,17.39,182198,332007072.0,8.9,10.0,1.72,26.03
2015-08-18,002346,20.2,17.47,20.74,17.2,278326,539418672.0,18.71,-7.66,-1.45,39.76
2015-08-19,002346,17.0,19.22,19.22,16.78,188799,341806880.0,13.97,10.02,1.75,26.97
2015-08-20,002346,20.0,19.0,20.68,18.5,239787,478269888.0,11.34,-1.14,-0.22,34.26
2015-08-21,002346,18.13,17.1,18.5,17.1,133889,232376200.0,7.37,-10.0,-1.9,19.13
2015-08-24,002346,15.39,15.39,15.5,15.39,17879,27526161.0,0.64,-10.0,-1.71,2.55
2015-08-25,002346,13.85,13.85,13.85,13.85,4231,5859935.0,0.0,-10.01,-1.54,0.6
2015-08-26,002346,12.47,12.47,13.77,12.47,167759,212570364.0,9.39,-9.96,-1.38,23.97
2015-08-27,002346,11.5,11.52,12.6,11.22,167977,194585090.0,11.07,-7.62,-0.95,24.0
2015-08-28,002346,11.92,12.55,12.61,11.65,142469,172519947.0,8.33,8.94,1.03,20.35
2015-08-31,002346,12.5,11.3,12.5,11.3,103910,122227880.0,9.56,-9.96,-1.25,14.84
2015-09-01,002346,11.46,12.43,12.43,11.38,153692,185212091.0,9.29,10.0,1.13,21.96
2015-09-02,002346,12.0,13.67,13.67,11.43,234237,307182832.0,18.02,9.98,1.24,33.46
2015-09-07,002346,14.0,14.28,15.0,13.26,269394,379045072.0,12.73,4.46,0.61,38.48
2015-09-08,002346,13.7,13.55,13.7,12.85,208914,273504992.0,5.95,-5.11,-0.73,29.84
2015-09-09,002346,13.07,14.36,14.71,13.06,221983,309153552.0,12.18,5.98,0.81,31.71
2015-09-10,002346,13.63,13.13,13.93,13.0,147437,198696468.0,6.48,-8.57,-1.23,21.06
2015-09-11,002346,12.91,14.44,14.44,12.91,173256,245234926.0,11.65,9.98,1.31,24.75
2015-09-14,002346,15.3,13.0,15.46,13.0,272570,395918208.0,17.04,-9.97,-1.44,38.94
2015-09-15,002346,11.73,11.7,12.4,11.7,142899,169521180.0,5.38,-10.0,-1.3,20.41
2015-09-16,002346,11.44,12.55,12.87,11.2,151307,183036553.0,14.27,7.26,0.85,21.62
2015-09-17,002346,12.2,12.0,13.48,11.9,158065,197918170.0,12.59,-4.38,-0.55,22.58
2015-09-18,002346,12.18,12.01,12.48,11.63,84752,102159506.0,7.08,0.08,0.01,12.11
2015-09-21,002346,11.46,12.2,12.33,11.46,92160,111332314.0,7.24,1.58,0.19,13.17
2015-09-22,002346,12.2,12.22,12.48,11.9,98310,120133512.0,4.75,0.16,0.02,14.04
2015-09-23,002346,11.99,11.91,12.18,11.74,67750,81045364.0,3.6,-2.54,-0.31,9.68
2015-09-24,002346,12.1,12.18,12.46,11.96,79941,97758883.0,4.2,2.27,0.27,11.42
2015-09-25,002346,12.27,11.7,12.39,11.43,78514,94149971.0,7.88,-3.94,-0.48,11.22
2015-09-28,002346,11.79,11.99,11.99,11.58,41081,48471265.0,3.5,2.48,0.29,5.87
2015-09-29,002346,11.78,11.5,11.83,11.38,44893,52200958.0,3.75,-4.09,-0.49,6.41
2015-09-30,002346,11.65,11.57,11.69,11.37,31004,35799859.0,2.78,0.61,0.07,4.43
2015-10-08,002346,11.94,12.06,12.18,11.79,69032,82915444.0,3.37,4.24,0.49,9.86
2015-10-09,002346,12.07,12.51,12.64,12.01,103808,129032684.0,5.22,3.73,0.45,14.83
2015-10-12,002346,12.78,13.05,13.51,12.61,128507,167037076.0,7.19,4.32,0.54,18.36
2015-10-13,002346,13.05,13.59,13.97,12.85,123887,167099380.0,8.58,4.14,0.54,17.7
2015-10-14,002346,13.42,14.21,14.55,13.15,188056,261489178.0,10.3,4.56,0.62,26.87
2015-10-15,002346,13.98,14.49,14.89,13.81,168151,242001359.0,7.6,1.97,0.28,24.02
2015-10-16,002346,14.38,15.04,15.14,14.03,188294,273184704.0,7.66,3.8,0.55,26.9
2015-10-19,002346,15.03,14.9,15.2,14.72,118960,177760532.0,3.19,-0.93,-0.14,16.99
2015-10-20,002346,14.95,15.13,15.5,14.65,118918,179238119.0,5.7,1.54,0.23,16.99
2015-10-21,002346,15.07,13.62,15.3,13.62,129095,186219924.0,11.1,-9.98,-1.51,18.44
2015-10-22,002346,13.61,14.15,14.22,13.25,91444,126509520.0,7.12,3.89,0.53,13.06
2015-10-23,002346,14.18,14.65,14.8,14.04,82862,119841314.0,5.37,3.53,0.5,11.84
2015-10-26,002346,14.9,16.12,16.12,14.64,128806,198638892.0,10.1,10.03,1.47,18.4
2015-10-27,002346,15.68,16.33,16.88,15.2,143295,229498677.0,10.42,1.3,0.21,20.47
2015-10-28,002346,16.32,16.4,17.56,15.81,123558,208857800.0,10.72,0.43,0.07,17.65
2015-10-29,002346,16.1,15.77,16.71,15.51,89755,143162693.0,7.32,-3.84,-0.63,12.82
2015-10-30,002346,15.79,15.58,16.25,15.48,70199,110925455.0,4.88,-1.2,-0.19,10.03
2015-11-02,002346,15.39,14.87,15.8,14.8,56684,86795524.0,6.42,-4.56,-0.71,8.1
2015-11-03,002346,14.64,14.84,15.18,14.64,50029,74453357.0,3.63,-0.2,-0.03,7.15
2015-11-04,002346,14.88,15.82,15.88,14.88,74610,115334275.0,6.74,6.6,0.98,10.66
2015-11-05,002346,15.81,15.7,16.5,15.65,96476,154852121.0,5.37,-0.76,-0.12,13.78
2015-11-06,002346,15.69,16.05,16.16,15.61,84044,134622589.0,3.5,2.23,0.35,12.01
2015-11-09,002346,16.09,16.55,16.75,15.72,94867,154814342.0,6.42,3.12,0.5,13.55
2015-11-10,002346,16.48,16.57,16.85,16.28,84582,140250410.0,3.44,0.12,0.02,12.08
2015-11-11,002346,16.54,16.71,16.78,16.31,76661,126909617.0,2.84,0.84,0.14,10.95
2015-11-12,002346,16.68,16.74,16.86,16.39,100331,167166130.0,2.81,0.18,0.03,14.33
2015-11-13,002346,16.51,15.97,16.7,15.9,70088,113974996.0,4.78,-4.6,-0.77,10.01
2015-11-16,002346,15.4,17.57,17.57,15.36,155448,264131336.0,13.84,10.02,1.6,22.21
2015-11-17,002346,17.78,17.03,17.9,16.98,137306,239876007.0,5.24,-3.07,-0.54,19.62
2015-11-18,002346,16.8,16.45,17.4,16.3,66817,112872641.0,6.46,-3.41,-0.58,9.55
2015-11-19,002346,16.45,17.09,17.09,16.41,59111,99258918.0,4.13,3.89,0.64,8.44
2015-11-20,002346,17.19,16.9,17.19,16.77,58733,99504197.0,2.46,-1.11,-0.19,8.39
2015-11-23,002346,16.88,16.93,17.54,16.7,69338,118977473.0,4.97,0.18,0.03,9.91
2015-11-24,002346,16.82,17.19,17.3,16.7,51621,88367645.0,3.54,1.54,0.26,7.37
2015-11-25,002346,17.2,17.46,17.54,17.03,69065,119728443.0,2.97,1.57,0.27,9.87
2015-11-26,002346,17.45,17.12,17.66,17.06,62017,107494864.0,3.44,-1.95,-0.34,8.86
2015-11-27,002346,17.05,15.49,17.15,15.41,72379,118736270.0,10.16,-9.52,-1.63,10.34
2015-11-30,002346,15.46,16.09,16.09,14.66,59021,91050004.0,9.23,3.87,0.6,8.43
2015-12-01,002346,16.16,15.89,16.16,15.53,39894,63589774.0,3.92,-1.24,-0.2,5.7
2015-12-02,002346,15.89,15.93,16.03,15.22,31340,49138542.0,5.1,0.25,0.04,4.48
2015-12-03,002346,15.83,16.37,16.39,15.83,39538,64053590.0,3.52,2.76,0.44,5.65
2015-12-04,002346,16.31,16.86,16.96,16.01,61598,102250757.0,5.8,2.99,0.49,8.8
2015-12-07,002346,16.88,17.0,17.23,16.8,54304,92248993.0,2.55,0.83,0.14,7.76
2015-12-08,002346,16.8,16.28,16.99,16.15,42359,69790040.0,4.94,-4.24,-0.72,6.05
2015-12-09,002346,16.28,16.52,16.59,16.18,34830,57185313.0,2.52,1.47,0.24,4.98
2015-12-10,002346,16.63,16.1,16.75,16.0,32758,53336332.0,4.54,-2.54,-0.42,4.68
2015-12-11,002346,15.92,16.27,16.27,15.3,31286,49525411.0,6.02,1.06,0.17,4.47
2015-12-14,002346,15.84,16.58,16.6,15.84,29220,47504383.0,4.67,1.91,0.31,4.17
2015-12-15,002346,16.66,16.66,16.96,16.5,44297,74179609.0,2.77,0.48,0.08,6.33
2015-12-16,002346,16.77,18.33,18.33,16.66,114152,204101965.0,10.02,10.02,1.67,16.31
2015-12-17,002346,18.88,19.3,19.64,18.36,184002,349516528.0,6.98,5.29,0.97,26.29
2015-12-18,002346,19.0,19.01,20.5,18.82,136124,266326021.0,8.7,-1.5,-0.29,19.45
2015-12-21,002346,18.73,19.03,19.25,18.7,84200,159471975.0,2.89,0.11,0.02,12.03
2015-12-22,002346,18.99,18.82,19.28,18.79,64431,122368248.0,2.57,-1.1,-0.21,9.2
2015-12-23,002346,18.7,18.43,18.99,18.37,53899,100036202.0,3.29,-2.07,-0.39,7.7
2015-12-24,002346,18.2,19.16,19.25,18.12,76009,142831267.0,6.13,3.96,0.73,10.86
2015-12-25,002346,19.19,19.2,19.96,19.01,74633,145213229.0,4.96,0.21,0.04,10.66
2015-12-28,002346,19.17,18.43,19.17,18.13,64576,120204160.0,5.42,-4.01,-0.77,9.23
2015-12-29,002346,18.5,18.72,18.75,18.22,42064,77790373.0,2.88,1.57,0.29,6.01
2015-12-30,002346,18.8,19.46,19.55,18.5,77657,148881235.0,5.61,3.95,0.74,11.09
2015-12-31,002346,19.64,19.57,20.59,19.3,93631,187312754.0,6.63,0.57,0.11,13.38
2016-01-04,002346,18.9,17.61,19.1,17.61,60104,108942915.0,7.61,-10.02,-1.96,8.59
2016-01-05,002346,16.5,16.95,18.0,15.89,58032,97881817.0,11.98,-3.75,-0.66,8.29
2016-01-06,002346,17.05,18.2,18.39,17.05,87642,157165705.0,7.91,7.37,1.25,12.52
2016-01-07,002346,17.52,16.39,17.79,16.38,21610,36565787.0,7.75,-9.95,-1.81,3.09
2016-01-08,002346,17.5,16.84,17.5,14.8,102421,169446335.0,16.47,2.75,0.45,14.63
2016-01-11,002346,15.99,16.0,17.03,15.64,73398,120419970.0,8.25,-4.99,-0.84,10.49
2016-01-12,002346,16.03,16.5,16.58,15.7,96362,155445924.0,5.5,3.13,0.5,13.77
2016-01-13,002346,16.42,16.08,17.48,15.99,79796,134269452.0,9.03,-2.55,-0.42,11.4
2016-01-14,002346,15.41,17.0,17.37,15.0,65288,106860237.0,14.74,5.72,0.92,9.33
2016-01-15,002346,16.71,16.99,17.78,16.71,91772,158384691.0,6.29,-0.06,-0.01,13.11
2016-01-18,002346,16.5,18.69,18.69,16.24,95487,172739086.0,14.42,10.01,1.7,13.64
2016-01-19,002346,18.8,20.0,20.39,18.71,113975,223651876.0,8.99,7.01,1.31,16.28
2016-01-20,002346,19.61,19.82,20.8,19.4,115915,232714663.0,7.0,-0.9,-0.18,16.56
2016-01-21,002346,19.47,19.0,20.13,19.0,74368,146167199.0,5.7,-4.14,-0.82,10.62
2016-01-22,002346,19.1,20.9,20.9,18.4,90526,178561553.0,13.16,10.0,1.9,12.93
2016-01-25,002346,22.36,20.57,22.4,20.28,155768,335227472.0,10.14,-1.58,-0.33,22.25
2016-01-26,002346,20.5,18.51,21.21,18.51,103767,206464024.0,13.13,-10.01,-2.06,14.82
2016-01-27,002346,18.45,19.94,20.14,17.51,92984,175013227.0,14.21,7.73,1.43,13.28
2016-01-28,002346,19.3,20.0,21.25,19.11,85005,172632578.0,10.73,0.3,0.06,12.14
2016-01-29,002346,19.23,19.96,20.25,18.0,73776,141973692.0,11.25,-0.2,-0.04,9.25
2016-02-01,002346,19.66,20.75,20.9,19.5,63130,128789529.0,7.01,3.96,0.79,7.91
2016-02-02,002346,20.75,21.43,21.76,19.98,84044,177183495.0,8.58,3.28,0.68,10.53
2016-02-03,002346,21.25,21.44,21.88,20.3,65034,137059034.0,7.37,0.05,0.01,8.15
2016-02-04,002346,21.83,21.2,21.83,21.08,48870,104297241.0,3.5,-1.12,-0.24,6.12
2016-02-05,002346,20.98,19.45,20.98,19.29,60682,122098657.0,7.97,-8.25,-1.75,7.6
2016-02-15,002346,18.79,21.4,21.4,18.45,50857,101910443.0,15.17,10.03,1.95,6.37
2016-02-16,002346,21.9,23.03,23.5,21.89,87372,199060017.0,7.52,7.62,1.63,10.95
2016-02-17,002346,23.03,23.56,23.85,22.25,82487,189120704.0,6.95,2.3,0.53,10.34
2016-02-18,002346,23.18,22.67,24.03,22.49,74861,173765858.0,6.54,-3.78,-0.89,9.38
2016-02-19,002346,22.61,23.83,24.5,22.4,103508,244577950.0,9.26,5.12,1.16,12.97
2016-02-22,002346,24.27,23.7,24.27,23.35,100841,239269750.0,3.86,-0.55,-0.13,12.64
2016-02-23,002346,23.75,23.06,23.79,22.45,74344,170827342.0,5.65,-2.7,-0.64,9.32
2016-02-24,002346,22.98,22.24,23.2,21.5,71600,159386490.0,7.37,-3.56,-0.82,8.97
2016-02-25,002346,22.08,21.8,23.0,21.2,111173,245928989.0,8.09,-1.98,-0.44,13.93
2016-02-26,002346,21.61,21.09,22.16,20.95,65679,141379796.0,5.55,-3.26,-0.71,8.23
2016-02-29,002346,20.57,18.98,21.1,18.98,53445,103907405.0,10.05,-10.0,-2.11,6.7
2016-03-01,002346,18.65,19.41,19.8,18.65,58127,112042805.0,6.06,2.27,0.43,7.28
2016-03-02,002346,19.41,20.64,21.25,19.35,60448,121545265.0,9.79,6.34,1.23,7.57
2016-03-03,002346,20.64,20.25,21.2,20.21,48640,100048247.0,4.8,-1.89,-0.39,6.1
2016-03-04,002346,20.0,20.8,20.98,19.2,61542,124661145.0,8.79,2.72,0.55,7.71
2016-03-07,002346,20.5,22.7,22.88,20.5,125138,278191904.0,11.44,9.13,1.9,15.68
2016-04-08,002346,21.76,20.9,22.7,20.43,82234,174242477.0,10.0,-7.93,-1.8,10.31
2016-04-11,002346,21.0,20.88,21.48,20.43,50828,106496499.0,5.02,-0.1,-0.02,6.37
2016-04-12,002346,20.69,19.84,20.98,19.05,58337,115947610.0,9.24,-4.98,-1.04,7.31
2016-04-13,002346,19.86,20.43,20.89,19.67,50135,102178801.0,6.15,2.97,0.59,6.28
2016-04-14,002346,20.53,20.4,21.15,19.98,83392,171193095.0,5.73,-0.15,-0.03,10.45
2016-04-15,002346,20.4,20.07,20.4,19.77,40686,81342353.0,3.09,-1.62,-0.33,5.1
2016-04-18,002346,20.2,19.95,20.23,19.15,72034,140451617.0,5.38,-0.6,-0.12,9.03
2016-04-19,002346,19.79,19.8,19.86,19.38,56525,110534264.0,2.41,-0.75,-0.15,7.08
2016-04-20,002346,19.78,18.29,19.8,18.08,60944,115218966.0,8.69,-7.63,-1.51,7.64
2016-04-21,002346,18.2,17.59,18.2,17.5,43792,77955452.0,3.83,-3.83,-0.7,5.49
2016-04-22,002346,17.35,17.99,18.14,17.19,32739,58005423.0,5.4,2.27,0.4,4.1
2016-04-25,002346,17.99,17.57,18.05,17.2,21676,37986228.0,4.72,-2.33,-0.42,2.72
2016-04-26,002346,17.55,17.74,17.76,17.32,25152,44238745.0,2.5,0.97,0.17,3.15
2016-04-27,002346,17.9,17.8,18.1,17.68,30722,55111254.0,2.37,0.34,0.06,3.85
2016-04-28,002346,17.95,17.38,17.96,17.0,29534,51308185.0,5.39,-2.36,-0.42,3.7
2016-04-29,002346,17.15,17.31,17.49,17.05,17279,29980741.0,2.53,-0.4,-0.07,2.17
2016-05-03,002346,17.26,17.9,17.95,17.24,27986,49745735.0,4.1,3.41,0.59,3.51
2016-05-04,002346,17.74,18.26,18.7,17.71,49617,90951532.0,5.53,2.01,0.36,6.22
2016-05-05,002346,18.26,18.45,18.67,18.2,33464,61634726.0,2.57,1.04,0.19,4.19
2016-05-06,002346,18.45,17.31,18.6,17.31,41764,74877475.0,6.99,-6.18,-1.14,5.23
2016-05-09,002346,17.14,16.13,17.14,16.05,29316,48294737.0,6.3,-6.82,-1.18,3.67
2016-05-10,002346,16.18,15.87,16.49,15.78,30126,48568752.0,4.4,-1.61,-0.26,3.78
2016-05-11,002346,15.97,16.0,16.2,15.5,26340,41838705.0,4.41,0.82,0.13,3.3
2016-05-12,002346,15.8,15.59,15.8,15.0,29392,45244081.0,5.0,-2.56,-0.41,3.68
2016-05-13,002346,15.59,15.69,15.89,15.2,23044,36097289.0,4.43,0.64,0.1,2.89
2016-05-16,002346,15.8,16.07,16.09,15.69,25596,40713641.0,2.55,2.42,0.38,3.21
2016-05-17,002346,16.05,16.7,16.97,16.05,50658,84239279.0,5.72,3.92,0.63,6.35
2016-05-18,002346,16.68,15.81,16.68,15.51,35033,55960556.0,7.01,-5.33,-0.89,4.39
2016-05-19,002346,15.65,15.85,16.27,15.65,28382,45449962.0,3.92,0.25,0.04,3.56
2016-05-20,002346,15.61,16.0,16.05,15.45,24507,38621534.0,3.79,0.95,0.15,3.07
2016-05-23,002346,16.16,16.43,16.55,16.14,31604,51609416.0,2.56,2.69,0.43,3.96
2016-05-24,002346,16.43,16.23,16.43,16.09,19037,30865499.0,2.07,-1.22,-0.2,2.39
2016-05-25,002346,16.28,16.22,16.48,16.17,21087,34412447.0,1.91,-0.06,-0.01,2.64
2016-05-26,002346,16.18,16.37,16.43,15.75,24385,39254126.0,4.19,0.92,0.15,3.06
2016-05-27,002346,16.37,16.93,17.39,16.29,41766,70474597.0,6.72,3.42,0.56,5.23
2016-05-30,002346,16.69,17.16,17.41,16.56,35873,61203485.0,5.02,1.36,0.23,4.5
2016-05-31,002346,17.12,17.68,17.69,17.12,47860,83529551.0,3.32,3.03,0.52,6.0
2016-06-01,002346,17.66,17.44,17.73,17.4,41103,72037602.0,1.87,-1.36,-0.24,5.15
2016-06-02,002346,17.4,17.44,17.55,17.3,23006,40035557.0,1.43,0.0,0.0,2.88
2016-06-03,002346,17.45,17.29,17.49,17.13,25886,44743012.0,2.06,-0.86,-0.15,3.24
2016-06-06,002346,17.46,17.33,17.46,17.16,17043,29517707.0,1.74,0.23,0.04,2.14
2016-06-07,002346,17.39,17.72,17.89,17.26,32996,58085916.0,3.64,2.25,0.39,4.13
2016-06-08,002346,17.65,17.59,17.8,17.41,29213,51313983.0,2.2,-0.73,-0.13,3.66
2016-06-13,002346,17.2,16.6,17.68,16.48,26623,45639466.0,6.82,-5.63,-0.99,3.34
2016-06-14,002346,16.44,17.03,17.05,16.44,20433,34411915.0,3.67,2.59,0.43,2.56
2016-06-15,002346,16.8,18.26,18.5,16.73,56096,99889774.0,10.39,7.22,1.23,7.03
2016-06-16,002346,18.2,18.37,18.48,17.95,41039,74979488.0,2.9,0.6,0.11,5.14
2016-06-17,002346,18.36,18.39,18.47,18.04,35986,65788420.0,2.34,0.11,0.02,4.51
2016-06-20,002346,18.35,18.37,18.4,18.11,18396,33609374.0,1.58,-0.11,-0.02,2.31
2016-06-21,002346,18.5,17.9,19.18,17.8,46090,85306927.0,7.51,-2.56,-0.47,5.78
2016-06-22,002346,17.66,18.01,18.22,17.66,32142,57788078.0,3.13,0.61,0.11,4.03
2016-06-23,002346,17.92,18.29,18.41,17.81,27584,50314975.0,3.33,1.55,0.28,3.46
2016-06-24,002346,18.12,18.35,18.58,17.7,32380,59255538.0,4.81,0.33,0.06,4.06
2016-06-27,002346,18.1,19.1,19.24,18.06,44705,84483001.0,6.43,4.09,0.75,5.6
2016-06-28,002346,19.2,19.04,19.26,18.75,31703,60208159.0,2.67,-0.31,-0.06,3.97
2016-06-29,002346,18.98,18.97,19.09,18.68,24000,45186423.0,2.15,-0.37,-0.07,3.01
2016-06-30,002346,18.98,18.59,19.0,18.5,26819,50038049.0,2.64,-2.0,-0.38,3.36
2016-07-01,002346,18.8,19.09,19.15,18.34,35714,66834242.0,4.36,2.69,0.5,4.48
2016-07-04,002346,18.99,18.98,19.38,18.8,48963,93098495.0,3.04,-0.58,-0.11,6.14
2016-07-05,002346,18.99,19.06,19.3,18.78,30948,58871107.0,2.74,0.42,0.08,3.88
2016-07-06,002346,19.07,18.95,19.07,18.6,25929,48780583.0,2.47,-0.58,-0.11,3.25
2016-07-07,002346,18.96,18.83,19.1,18.51,28482,53630801.0,3.11,-0.63,-0.12,3.57
2016-07-08,002346,18.82,20.29,20.71,18.82,93971,183997047.0,10.04,7.75,1.46,11.78
2016-07-11,002346,19.96,21.0,21.5,19.5,99111,199924095.0,9.86,3.5,0.71,12.42
2016-07-12,002346,20.5,20.41,21.95,20.0,109837,226170914.0,9.29,-2.81,-0.59,13.76
2016-07-13,002346,20.2,19.89,20.58,19.8,62128,124167257.0,3.82,-2.55,-0.52,7.79
2016-07-14,002346,19.63,19.59,19.99,19.26,69669,136272123.0,3.67,-1.51,-0.3,8.73
2016-07-15,002346,19.42,18.94,19.6,18.93,71763,137727816.0,3.42,-3.32,-0.65,8.99
2016-07-18,002346,18.68,19.08,19.2,18.66,50740,96360463.0,2.85,0.74,0.14,6.36
2016-07-19,002346,19.09,18.78,19.2,18.7,44369,83669539.0,2.62,-1.57,-0.3,5.56
2016-07-20,002346,18.87,18.4,18.87,18.37,61657,114558727.0,2.66,-2.02,-0.38,7.73
2016-07-21,002346,18.48,18.93,18.99,18.17,72835,135981384.0,4.46,2.88,0.53,9.13
2016-07-22,002346,18.79,18.47,18.84,18.47,53495,99792563.0,1.95,-2.43,-0.46,6.7
2016-07-25,002346,18.25,18.25,18.53,18.2,28597,52321115.0,1.79,-1.19,-0.22,3.58
2016-07-26,002346,18.28,18.48,18.51,18.16,33118,60844895.0,1.92,1.26,0.23,4.15
2016-07-27,002346,18.46,16.64,18.46,16.63,75694,131127696.0,9.9,-9.96,-1.84,9.49
2016-07-28,002346,16.74,16.76,16.92,16.3,38855,64656553.0,3.73,0.72,0.12,4.87
2016-07-29,002346,16.98,16.87,17.03,16.65,25193,42528774.0,2.27,0.66,0.11,3.16
2016-08-01,002346,16.78,16.79,16.85,16.32,20611,34107056.0,3.14,-0.47,-0.08,2.58
2016-08-02,002346,16.87,16.87,16.93,16.74,15255,25695623.0,1.13,0.48,0.08,1.91
2016-08-03,002346,16.88,16.99,16.99,16.8,19548,33061542.0,1.13,0.71,0.12,2.45
2016-08-04,002346,16.98,17.1,17.23,16.7,23356,39850591.0,3.12,0.65,0.11,2.93
2016-08-05,002346,17.09,16.95,17.09,16.81,17730,30032737.0,1.64,-0.88,-0.15,2.22
2016-08-08,002346,16.88,16.93,17.0,16.55,22022,37035728.0,2.65,-0.12,-0.02,2.76
2016-08-09,002346,16.94,17.26,17.35,16.7,29675,50942323.0,3.84,1.95,0.33,3.72
2016-08-10,002346,17.24,17.13,17.46,17.08,19389,33469389.0,2.2,-0.75,-0.13,2.43
2016-08-11,002346,17.1,16.7,17.2,16.7,21188,35748883.0,2.92,-2.51,-0.43,2.66
2016-08-12,002346,16.69,16.94,17.04,16.6,21533,36137400.0,2.63,1.44,0.24,2.7
2016-08-15,002346,16.94,17.58,17.68,16.86,43536,75356718.0,4.84,3.78,0.64,5.46
2016-08-16,002346,17.5,17.68,17.86,17.47,38768,68287450.0,2.22,0.57,0.1,4.86
2016-08-17,002346,17.68,17.72,18.15,17.51,50471,89570928.0,3.62,0.23,0.04,6.32
2016-08-18,002346,17.62,17.37,17.88,17.37,35464,62202354.0,2.88,-1.98,-0.35,4.44
2016-08-19,002346,17.49,17.51,17.67,17.27,29556,51543498.0,2.3,0.81,0.14,3.7
2016-08-22,002346,17.7,17.36,17.78,17.29,27573,48368467.0,2.8,-0.86,-0.15,3.46
2016-08-23,002346,17.37,17.42,17.69,17.37,22912,40106728.0,1.84,0.35,0.06,2.87
2016-08-24,002346,17.42,17.39,17.55,17.33,20937,36456504.0,1.26,-0.17,-0.03,2.62
2016-08-25,002346,17.35,17.05,17.35,16.81,25286,43081830.0,3.11,-1.96,-0.34,3.17
2016-08-26,002346,17.05,17.45,17.88,17.05,37417,65117231.0,4.87,2.35,0.4,4.69
2016-08-29,002346,17.41,17.48,17.6,17.31,23260,40489917.0,1.66,0.17,0.03,2.91
2016-08-30,002346,17.48,17.44,17.61,17.32,19809,34508536.0,1.66,-0.23,-0.04,2.48
2016-08-31,002346,17.5,17.55,17.58,17.29,21129,36799569.0,1.66,0.63,0.11,2.65
2016-09-01,002346,17.55,18.35,18.83,17.51,154021,280357856.0,7.52,4.56,0.8,19.3
2016-09-02,002346,18.05,17.86,18.29,17.72,70170,125907999.0,3.11,-2.67,-0.49,8.79
2016-09-05,002346,17.85,18.02,18.26,17.7,55052,99226849.0,3.14,0.9,0.16,6.9
2016-09-06,002346,17.94,18.05,18.08,17.64,42079,75344186.0,2.44,0.17,0.03,5.27
2016-09-07,002346,18.18,18.57,18.64,18.02,86668,159462025.0,3.43,2.88,0.52,10.86
2016-09-08,002346,18.49,18.44,18.62,18.3,42972,79090093.0,1.72,-0.7,-0.13,5.38
2016-09-09,002346,18.46,18.06,18.65,18.06,39031,71603601.0,3.2,-2.06,-0.38,4.89
2016-09-12,002346,17.7,16.88,17.71,16.87,47149,81460758.0,4.65,-6.53,-1.18,5.91
2016-09-13,002346,17.01,17.01,17.18,16.86,20268,34486551.0,1.9,0.77,0.13,2.54
2016-09-14,002346,16.93,16.86,16.93,16.7,15581,26255001.0,1.35,-0.88,-0.15,1.95
2016-09-19,002346,16.89,17.08,17.23,16.89,17580,30082144.0,2.02,1.3,0.22,2.2
2016-09-20,002346,17.1,17.1,17.28,17.02,12323,21096961.0,1.52,0.12,0.02,1.54
2016-09-21,002346,17.1,17.18,17.23,17.07,18095,31051540.0,0.94,0.47,0.08,2.27
2016-09-22,002346,17.26,17.26,17.41,17.17,19618,33890517.0,1.4,0.47,0.08,2.46
2016-09-23,002346,17.55,17.36,17.55,17.25,18014,31268954.0,1.74,0.58,0.1,2.26
2016-09-26,002346,17.29,16.87,17.32,16.82,16906,28796339.0,2.88,-2.82,-0.49,2.12
2016-09-27,002346,16.77,16.82,16.97,16.59,11415,19178486.0,2.25,-0.3,-0.05,1.43
2016-09-28,002346,16.85,16.79,17.02,16.78,11443,19316522.0,1.43,-0.18,-0.03,1.43
2016-09-29,002346,16.76,16.8,16.95,16.76,10187,17166258.0,1.13,0.06,0.01,1.28
2016-09-30,002346,16.78,17.15,17.16,16.72,13984,23708138.0,2.62,2.08,0.35,1.75
2016-10-10,002346,17.02,17.44,17.47,17.02,24525,42479484.0,2.62,1.69,0.29,3.07
2016-10-11,002346,17.45,17.73,17.76,17.35,30758,54208130.0,2.35,1.66,0.29,3.85
2016-10-12,002346,17.6,17.75,17.96,17.49,31603,56103729.0,2.65,0.11,0.02,3.96
2016-10-13,002346,17.66,17.56,17.74,17.44,22995,40384575.0,1.69,-1.07,-0.19,2.88
2016-10-14,002346,17.63,17.8,17.91,17.4,33266,58966464.0,2.9,1.37,0.24,4.17
2016-10-17,002346,17.79,17.35,17.88,17.32,22943,40361393.0,3.15,-2.53,-0.45,2.88
2016-10-18,002346,17.3,17.78,17.9,17.26,24380,42987642.0,3.69,2.48,0.43,3.06
2016-10-19,002346,17.85,18.1,18.5,17.7,100998,183488366.0,4.5,1.8,0.32,12.66
2016-10-20,002346,17.92,18.06,18.19,17.8,39616,71267650.0,2.15,-0.22,-0.04,4.96
2016-10-21,002346,18.07,17.92,18.25,17.75,28880,52094407.0,2.77,-0.78,-0.14,3.62
2016-10-24,002346,17.9,17.89,17.98,17.7,25953,46324749.0,1.56,-0.17,-0.03,3.25
2016-10-25,002346,17.82,17.74,17.85,17.68,27381,48645141.0,0.95,-0.84,-0.15,3.43
2016-10-26,002346,17.74,17.53,17.74,17.45,26401,46325763.0,1.63,-1.18,-0.21,3.31
2016-10-27,002346,17.47,17.6,17.64,17.47,15808,27769791.0,0.97,0.4,0.07,1.98
2016-10-28,002346,17.62,17.37,17.71,17.36,18596,32681408.0,1.99,-1.31,-0.23,2.33
2016-10-31,002346,17.37,17.54,17.59,17.36,12225,21331004.0,1.32,0.98,0.17,1.53
2016-11-01,002346,17.47,17.65,17.69,17.47,16004,28177950.0,1.25,0.63,0.11,2.01
2016-11-02,002346,17.67,17.57,17.8,17.54,24414,43080870.0,1.47,-0.45,-0.08,3.06
2016-11-03,002346,17.47,17.64,17.72,17.44,26419,46540254.0,1.59,0.4,0.07,3.31
2016-11-04,002346,17.59,17.87,17.98,17.59,40708,72551890.0,2.21,1.3,0.23,5.1
2016-11-07,002346,18.0,17.83,18.07,17.75,33253,59553892.0,1.79,-0.22,-0.04,4.17
2016-11-08,002346,17.88,17.93,18.01,17.86,28000,50224408.0,0.84,0.56,0.1,3.51
2016-11-09,002346,17.88,17.57,17.98,17.32,31037,54793785.0,3.68,-2.01,-0.36,3.89
2016-11-10,002346,17.81,19.33,19.33,17.76,180664,338631568.0,8.94,10.02,1.76,22.64
2016-11-11,002346,19.7,21.26,21.26,19.54,290667,602033376.0,8.9,9.98,1.93,36.42
2016-11-14,002346,21.87,23.39,23.39,21.46,203712,465653904.0,9.08,10.02,2.13,25.53
2016-11-15,002346,23.98,23.88,24.48,22.79,212533,505111936.0,7.23,2.09,0.49,26.63
2016-11-16,002346,23.79,25.44,26.27,23.51,232631,589136272.0,11.56,6.53,1.56,29.15
2016-11-17,002346,24.1,25.6,26.1,23.62,161989,402385568.0,9.75,0.63,0.16,20.3
2016-11-18,002346,25.1,25.5,25.95,24.73,95843,243962691.0,4.77,-0.39,-0.1,12.01
2016-11-21,002346,25.53,26.1,26.5,25.14,107799,278542352.0,5.33,2.35,0.6,13.51
2016-11-22,002346,25.84,28.71,28.71,25.05,316823,852342496.0,14.02,10.0,2.61,39.7
2016-11-23,002346,27.16,29.55,31.58,25.84,258838,727976864.0,19.99,2.93,0.84,32.44
2016-11-24,002346,27.5,26.6,27.89,26.6,415612,1112216000.0,4.37,-9.98,-2.95,52.08
2016-11-25,002346,24.61,23.94,25.5,23.94,229050,551329136.0,5.86,-10.0,-2.66,28.7
2016-11-28,002346,23.16,22.2,23.17,22.02,244958,550182400.0,4.8,-7.27,-1.74,30.7
2016-11-29,002346,22.25,21.46,22.42,21.4,171641,374763136.0,4.59,-3.33,-0.74,21.51
2016-11-30,002346,21.58,21.74,21.97,21.03,128579,278589824.0,4.38,1.3,0.28,16.11
2016-12-01,002346,21.74,21.67,21.95,21.3,126518,273503632.0,2.99,-0.32,-0.07,15.85
2016-12-02,002346,21.55,20.91,21.9,20.88,103724,222777487.0,4.71,-3.51,-0.76,13.0
2016-12-05,002346,20.37,20.78,20.86,20.34,82565,170180749.0,2.49,-0.62,-0.13,10.35
2016-12-06,002346,21.0,21.21,21.39,20.81,86234,182369103.0,2.79,2.07,0.43,10.81
2016-12-07,002346,21.15,21.37,21.49,20.91,77988,166036235.0,2.73,0.75,0.16,9.77
2016-12-08,002346,21.39,22.22,22.42,21.2,179347,392812352.0,5.71,3.98,0.85,22.47
2016-12-09,002346,21.9,22.14,22.57,21.65,144755,319214352.0,4.14,-0.36,-0.08,18.14
2016-12-12,002346,22.0,19.93,22.0,19.93,122291,253594334.0,9.35,-9.98,-2.21,15.32
2016-12-13,002346,19.6,19.53,19.98,18.83,88265,171487286.0,5.77,-2.01,-0.4,11.06
2016-12-14,002346,19.5,19.98,20.45,19.41,92871,186155212.0,5.33,2.3,0.45,11.64
2016-12-15,002346,19.76,20.79,20.95,19.55,115264,236593889.0,7.01,4.05,0.81,14.44
2016-12-16,002346,20.79,21.85,22.31,20.41,161442,347929600.0,9.14,5.1,1.06,20.23
2016-12-19,002346,21.85,24.04,24.04,20.88,248129,568738272.0,14.46,10.02,2.19,31.09
2016-12-20,002346,24.91,26.44,26.44,23.2,408544,1030278896.0,13.48,9.98,2.4,51.2
2016-12-21,002346,26.07,29.08,29.08,25.8,341111,955869520.0,12.41,9.98,2.64,42.75
2016-12-22,002346,28.89,28.2,30.19,27.83,310090,896641472.0,8.12,-3.03,-0.88,38.86
2016-12-23,002346,26.01,25.38,26.79,25.38,46366,119621086.0,5.0,-10.0,-2.82,5.81
2016-12-26,002346,23.59,27.92,27.92,22.84,267993,690405280.0,20.02,10.01,2.54,33.58
2016-12-27,002346,27.99,30.71,30.71,27.7,330326,980780464.0,10.78,9.99,2.79,41.39
2016-12-28,002346,30.55,33.21,33.25,29.0,320115,994304192.0,13.84,8.14,2.5,40.11
2016-12-29,002346,32.0,36.53,36.53,31.2,253155,888666864.0,16.05,10.0,3.32,31.72
2016-12-30,002346,37.0,39.99,40.1,35.17,203758,775280128.0,13.5,9.47,3.46,25.53
2017-01-03,002346,38.99,42.95,43.33,38.02,175506,732282592.0,13.28,7.4,2.96,21.99
2017-01-06,002346,41.81,47.25,47.25,38.66,202863,887657264.0,20.0,10.01,4.3,25.42
2017-01-09,002346,46.07,47.87,50.2,42.53,196038,929852736.0,16.23,1.31,0.62,24.57
2017-01-10,002346,45.99,43.08,46.93,43.08,139092,619261456.0,8.04,-10.01,-4.79,17.43
2017-01-11,002346,40.5,47.36,47.39,39.39,291165,1254422992.0,18.57,9.94,4.28,36.49
2017-01-12,002346,42.64,45.8,48.6,42.63,293583,1341055568.0,12.61,-3.29,-1.56,36.79
2017-01-13,002346,44.11,45.7,47.48,43.33,211559,971405856.0,9.06,-0.22,-0.1,26.51
2017-01-16,002346,46.4,44.79,46.4,41.2,225823,978619680.0,11.38,-1.99,-0.91,28.3
2017-01-17,002346,43.0,40.31,43.21,40.31,191350,782785072.0,6.47,-10.0,-4.48,23.98
2017-01-18,002346,37.89,36.28,39.9,36.28,389204,1432716144.0,8.98,-10.0,-4.03,48.77
2017-01-19,002346,34.89,33.3,35.97,33.04,284419,976630144.0,8.08,-8.21,-2.98,35.64
2017-01-20,002346,33.69,33.18,34.18,33.04,224244,753129680.0,3.42,-0.36,-0.12,28.1
2017-01-23,002346,32.62,33.3,33.89,32.55,155505,518133104.0,4.04,0.36,0.12,19.49
2017-01-24,002346,33.53,36.63,36.63,33.2,398268,1417781136.0,10.3,10.0,3.33,49.91
2017-01-25,002346,37.15,40.29,40.29,36.9,273296,1065966544.0,9.25,9.99,3.66,34.25
2017-01-26,002346,41.0,36.38,42.1,36.3,379015,1462492800.0,14.4,-9.7,-3.91,47.5
2017-02-17,002346,36.01,40.02,40.02,36.01,305613,1192321312.0,11.02,10.01,3.64,38.3
2017-02-20,002346,41.38,39.3,44.0,39.0,399161,1677671552.0,12.49,-1.8,-0.72,50.02
2017-02-21,002346,37.28,38.66,40.75,36.06,277731,1067260480.0,11.93,-1.63,-0.64,34.8
2017-02-22,002346,37.84,36.61,38.4,36.09,216118,801658896.0,5.98,-5.3,-2.05,27.08
2017-02-23,002346,36.4,34.37,36.61,34.02,204460,714390704.0,7.07,-6.12,-2.24,25.62
2017-02-24,002346,34.13,34.96,35.99,34.04,171141,603251792.0,5.67,1.72,0.59,21.45
2017-02-27,002346,34.96,37.04,37.98,33.52,246186,878295936.0,12.76,5.95,2.08,30.85
2017-02-28,002346,36.0,35.29,36.99,35.01,181320,650145504.0,5.35,-4.72,-1.75,22.72
2017-03-01,002346,35.0,35.32,35.98,34.31,123327,434526736.0,4.73,0.09,0.03,15.45
2017-03-02,002346,35.05,34.11,35.55,34.01,117764,407224624.0,4.36,-3.43,-1.21,14.76
2017-03-03,002346,33.8,33.77,34.8,33.58,90917,310455792.0,3.58,-1.0,-0.34,11.39
2017-03-06,002346,33.6,33.95,34.19,33.4,79414,267892121.0,2.34,0.53,0.18,9.95
2017-03-07,002346,34.12,35.1,36.0,33.79,178467,626421136.0,6.51,3.39,1.15,22.36
2017-03-08,002346,34.71,36.7,38.0,34.3,269123,975427824.0,10.54,4.56,1.6,33.72
2017-03-09,002346,36.5,36.92,37.77,36.1,237524,883157728.0,4.55,0.6,0.22,29.76
2017-03-10,002346,36.63,35.9,37.2,35.5,154864,558694432.0,4.6,-2.76,-1.02,19.41
2017-03-13,002346,35.94,35.1,36.04,34.58,106241,373110720.0,4.07,-2.23,-0.8,13.31
2017-03-14,002346,35.1,36.54,37.3,34.7,165282,594682224.0,7.41,4.1,1.44,20.71
2017-03-15,002346,36.1,35.01,36.48,34.8,124759,443829280.0,4.6,-4.19,-1.53,15.63
2017-03-16,002346,34.52,35.1,35.45,34.5,81290,285034960.0,2.71,0.26,0.09,10.19
2017-03-17,002346,35.11,34.7,35.35,34.66,75635,264588200.0,1.97,-1.14,-0.4,9.48
2017-03-20,002346,34.51,34.2,34.89,33.77,82039,281630800.0,3.23,-1.44,-0.5,10.28
2017-03-21,002346,34.18,34.79,34.98,34.0,92112,318025936.0,2.87,1.73,0.59,11.54
2017-03-22,002346,34.56,34.1,34.77,33.81,81715,278616864.0,2.76,-1.98,-0.69,10.24
2017-03-23,002346,34.0,32.68,34.35,32.0,124923,414213856.0,6.89,-4.16,-1.42,15.65
2017-03-24,002346,32.67,32.13,32.67,31.4,111292,355834848.0,3.89,-1.68,-0.55,13.95
2017-03-27,002346,32.2,35.34,35.34,31.8,249247,851785024.0,11.02,9.99,3.21,31.23
2017-03-28,002346,35.3,35.7,37.7,35.0,319463,1164392224.0,7.64,1.02,0.36,40.03
2017-03-29,002346,34.8,36.39,37.59,33.11,276033,990011152.0,12.55,1.93,0.69,34.59
2017-03-30,002346,35.86,38.94,39.99,35.51,358875,1360922672.0,12.31,7.01,2.55,44.97
2017-03-31,002346,38.0,41.66,42.77,37.0,381146,1522828112.0,14.82,6.99,2.72,47.76
2017-04-05,002346,42.0,39.04,42.12,38.8,309384,1237937264.0,7.97,-6.29,-2.62,38.77
2017-04-06,002346,38.61,38.28,40.5,37.52,260473,1011231040.0,7.63,-1.95,-0.76,32.64
2017-04-07,002346,37.72,37.2,38.63,36.9,183217,691251616.0,4.52,-2.82,-1.08,22.96
2017-04-10,002346,36.7,33.7,37.28,33.5,205818,728934464.0,10.16,-9.41,-3.5,25.79
2017-04-11,002346,33.3,34.74,35.39,33.01,170235,582652224.0,7.06,3.09,1.04,21.33
2017-04-12,002346,34.36,33.71,35.6,33.7,126537,435954192.0,5.47,-2.96,-1.03,15.86
2017-04-13,002346,33.72,33.72,34.4,33.51,73154,247712395.0,2.64,0.03,0.01,9.17
2017-04-14,002346,33.85,33.92,34.19,33.5,71467,242090314.0,2.05,0.59,0.2,8.96
2017-04-17,002346,33.3,30.53,33.89,30.53,114041,362240592.0,9.91,-9.99,-3.39,14.29
2017-04-18,002346,30.5,30.81,31.48,30.3,74154,228989104.0,3.87,0.92,0.28,9.29
2017-04-19,002346,30.63,29.04,30.63,28.0,86479,250540059.0,8.54,-5.74,-1.77,10.84
2017-04-20,002346,28.9,28.15,29.43,27.6,75553,215868193.0,6.3,-3.06,-0.89,9.47
2017-04-21,002346,28.45,30.97,30.97,28.43,137978,420521040.0,9.02,10.02,2.82,17.29
2017-04-24,002346,30.97,31.64,32.5,29.7,199179,628731696.0,9.04,2.16,0.67,24.96
2017-04-25,002346,32.3,31.66,32.63,30.65,138355,435296560.0,6.26,0.06,0.02,17.34
2017-04-26,002346,31.5,30.66,31.6,30.2,98538,304414400.0,4.42,-3.16,-1.0,12.35
2017-04-27,002346,30.05,31.14,31.5,29.09,117103,354363376.0,7.86,1.57,0.48,14.67
2017-04-28,002346,30.98,30.01,30.99,30.0,84803,257921411.0,3.18,-3.63,-1.13,10.63
2017-05-02,002346,29.23,30.02,30.65,29.23,65167,196056511.0,4.73,0.03,0.01,8.17
2017-05-03,002346,29.8,30.1,30.5,29.51,71667,215081783.0,3.3,0.27,0.08,8.98
2017-05-04,002346,30.0,31.4,31.99,29.5,124568,381695696.0,8.27,4.32,1.3,15.61
2017-05-05,002346,31.01,30.86,31.98,30.63,117461,368350048.0,4.3,-1.72,-0.54,14.72
2017-05-08,002346,30.06,27.78,30.5,27.77,90641,264304309.0,8.85,-9.98,-3.08,11.36
2017-05-09,002346,27.36,27.83,28.2,27.33,56711,157410608.0,3.13,0.18,0.05,7.11
2017-05-10,002346,28.3,28.04,29.9,27.9,83890,241427472.0,7.19,0.75,0.21,10.51
2017-05-11,002346,28.1,27.45,28.37,26.52,76802,208654807.0,6.6,-2.1,-0.59,9.62
2017-05-12,002346,27.7,27.13,28.0,27.06,60371,165497945.0,3.42,-1.17,-0.32,7.57
2017-05-15,002346,27.13,27.32,27.99,27.02,59215,162690918.0,3.58,0.7,0.19,7.42
2017-05-16,002346,27.34,27.36,27.5,26.11,84371,226647072.0,5.09,0.15,0.04,10.57
2017-05-17,002346,27.18,28.19,29.29,27.18,111292,315585776.0,7.71,3.03,0.83,13.95
2017-05-18,002346,27.65,27.04,27.99,26.91,78061,214034640.0,3.83,-4.08,-1.15,9.78
2017-05-19,002346,27.03,27.12,27.46,26.8,43401,117690532.0,2.44,0.3,0.08,5.44
2017-05-22,002346,27.12,25.71,27.12,25.6,59943,157490717.0,5.6,-5.2,-1.41,7.51
2017-05-23,002346,25.55,23.34,25.86,23.16,78015,189129238.0,10.5,-9.22,-2.37,9.78
2017-05-24,002346,23.12,23.0,23.28,21.6,67092,152122918.0,7.2,-1.46,-0.34,8.41
2017-05-25,002346,23.01,23.03,23.25,22.32,58494,133661659.0,4.04,0.13,0.03,7.33
2017-05-26,002346,23.16,23.06,24.18,22.9,68427,160222193.0,5.56,0.13,0.03,8.57
2017-05-31,002346,23.5,22.73,23.66,22.6,48590,112863257.0,4.6,-1.43,-0.33,6.09
2017-06-01,002346,22.81,20.66,23.13,20.55,68554,149554736.0,11.35,-9.11,-2.07,8.59
2017-06-02,002346,20.11,21.27,21.39,20.11,69126,144849451.0,6.2,2.95,0.61,8.66
2017-06-05,002346,21.14,21.91,22.32,21.02,76086,165776760.0,6.11,3.01,0.64,9.53
2017-06-06,002346,21.72,21.9,22.5,21.7,60137,132722708.0,3.65,-0.05,-0.01,7.54
2017-06-07,002346,21.8,24.09,24.09,21.65,104761,237155383.0,11.14,10.0,2.19,13.13
2017-06-08,002346,24.1,25.29,26.08,23.53,179134,449978944.0,10.59,4.98,1.2,22.45
2017-06-09,002346,24.65,24.8,25.8,24.2,131443,329618608.0,6.33,-1.94,-0.49,16.47
2017-06-12,002346,24.3,23.31,24.78,23.01,99534,235826393.0,7.14,-6.01,-1.49,12.47
2017-06-13,002346,23.66,25.64,25.64,23.55,126535,312414256.0,8.97,10.0,2.33,15.86
2017-06-14,002346,26.39,28.2,28.2,25.99,279155,763747744.0,8.62,9.98,2.56,34.98
2017-06-15,002346,27.08,27.7,28.97,26.52,246105,683367792.0,8.69,-1.77,-0.5,30.84
2017-06-16,002346,27.76,26.9,27.92,26.66,137231,371613248.0,4.55,-2.89,-0.8,17.2
2017-06-19,002346,27.0,26.9,27.85,26.9,126016,345369088.0,3.53,0.0,0.0,15.79
2017-06-20,002346,27.15,27.25,27.4,26.47,116954,315225504.0,3.46,1.3,0.35,14.66
2017-06-21,002346,27.01,26.77,27.66,26.6,97270,262269123.0,3.89,-1.76,-0.48,12.19
2017-06-22,002346,26.94,25.41,26.99,25.31,94504,246628912.0,6.28,-5.08,-1.36,11.84
2017-06-23,002346,25.97,27.95,27.95,25.69,219033,598923568.0,8.89,10.0,2.54,27.45
2017-06-26,002346,28.7,27.74,28.96,27.4,200907,564905600.0,5.58,-0.75,-0.21,25.18
2017-06-27,002346,27.8,27.42,28.6,27.39,143418,400453600.0,4.36,-1.15,-0.32,17.97
2017-06-28,002346,27.79,28.22,29.39,27.64,204453,582034912.0,6.38,2.92,0.8,25.62
2017-06-29,002346,28.22,27.72,28.49,27.33,127846,355526176.0,4.11,-1.77,-0.5,16.02
2017-06-30,002346,27.46,27.04,27.7,26.8,94836,256948234.0,3.25,-2.45,-0.68,11.88
2017-07-03,002346,27.0,28.21,29.0,26.75,132381,368415616.0,8.32,4.33,1.17,16.59
2017-07-04,002346,28.1,27.88,28.67,27.58,110285,309987920.0,3.86,-1.17,-0.33,13.82
2017-07-05,002346,27.6,28.16,28.48,27.51,95333,267389037.0,3.48,1.0,0.28,11.95
2017-07-06,002346,28.38,29.41,30.83,28.38,231421,683405776.0,8.7,4.44,1.25,29.0
2017-07-07,002346,29.39,28.8,29.39,28.51,141315,407657664.0,2.99,-2.07,-0.61,17.71
2017-07-10,002346,28.71,30.02,30.24,28.26,164225,482809120.0,6.88,4.24,1.22,20.58
2017-07-11,002346,29.7,30.55,31.65,29.4,206624,629799088.0,7.5,1.77,0.53,25.89
2017-07-12,002346,30.2,30.14,31.5,29.8,182221,556934016.0,5.56,-1.34,-0.41,22.83
2017-07-13,002346,29.84,29.6,30.49,29.22,108264,322688384.0,4.21,-1.79,-0.54,13.57
2017-07-14,002346,29.48,28.77,30.08,28.32,94266,275888144.0,5.95,-2.8,-0.83,11.81
2017-07-17,002346,28.49,25.89,28.59,25.89,114670,303611312.0,9.38,-10.01,-2.88,14.37
2017-07-18,002346,24.8,26.11,26.27,24.69,70634,182591959.0,6.1,0.85,0.22,8.85
2017-07-19,002346,26.1,26.74,27.38,25.82,85346,227964026.0,5.97,2.41,0.63,10.7
2017-07-20,002346,26.99,26.36,27.2,26.28,76500,204096852.0,3.44,-1.42,-0.38,9.59
2017-07-21,002346,26.39,25.66,26.39,25.6,64556,166534239.0,3.0,-2.66,-0.7,8.09
2017-07-24,002346,25.5,25.5,25.67,25.0,55936,141325553.0,2.61,-0.62,-0.16,7.01
2017-07-25,002346,25.5,27.94,27.94,25.34,136800,374057472.0,10.2,9.57,2.44,17.14
2017-07-26,002346,28.82,27.9,28.97,27.52,152451,428757104.0,5.19,-0.14,-0.04,19.1
2017-07-27,002346,28.01,28.41,28.54,27.66,121574,343105376.0,3.15,1.83,0.51,15.23
2017-07-28,002346,28.0,27.48,28.36,27.27,100880,278701728.0,3.84,-3.27,-0.93,12.64
2017-07-31,002346,27.21,28.05,28.06,27.21,77331,214406485.0,3.09,2.07,0.57,9.69
2017-08-01,002346,27.91,28.74,28.91,27.72,145560,415771856.0,4.24,2.46,0.69,18.24
2017-08-02,002346,28.36,27.87,28.68,27.6,96264,269131392.0,3.76,-3.03,-0.87,12.06
2017-08-03,002346,27.71,27.62,28.13,27.45,55699,154640788.0,2.44,-0.9,-0.25,6.98
2017-08-04,002346,27.62,26.64,27.86,26.55,75726,204356027.0,4.74,-3.55,-0.98,9.49
2017-08-07,002346,26.5,26.87,27.15,26.34,35169,94540479.0,3.04,0.86,0.23,4.41
2017-08-08,002346,26.88,26.4,27.26,26.31,49125,130943354.0,3.54,-1.75,-0.47,6.16
2017-08-09,002346,26.3,27.78,28.62,26.27,119879,331903392.0,8.9,5.23,1.38,15.02
2017-08-10,002346,27.45,26.86,27.79,26.65,75555,204728891.0,4.1,-3.31,-0.92,9.47
2017-08-11,002346,26.58,26.77,27.68,26.51,61191,165847504.0,4.36,-0.34,-0.09,7.67
2017-08-14,002346,27.0,27.34,27.8,26.68,62638,170480912.0,4.18,2.13,0.57,7.85
2017-08-15,002346,27.25,27.43,27.97,27.2,64117,176758891.0,2.82,0.33,0.09,8.03
2017-08-16,002346,27.47,27.0,27.59,26.76,53100,143402011.0,3.03,-1.57,-0.43,6.65
2017-08-17,002346,26.76,27.24,27.71,26.76,66431,181556807.0,3.52,0.89,0.24,8.32
2017-08-18,002346,26.95,27.0,27.25,26.81,45693,123177127.0,1.62,-0.88,-0.24,5.73
2017-08-21,002346,26.93,27.13,27.48,26.81,45241,122534506.0,2.48,0.48,0.13,5.67
2017-08-22,002346,27.01,28.17,29.8,26.98,182071,517822816.0,10.39,3.83,1.04,22.82
2017-08-23,002346,27.76,27.33,27.97,27.08,94818,260375054.0,3.16,-2.98,-0.84,11.88
2017-08-24,002346,27.18,27.85,28.48,27.18,99656,276852128.0,4.76,1.9,0.52,12.49
2017-08-25,002346,27.65,27.71,27.94,27.17,74838,205961267.0,2.76,-0.5,-0.14,9.38
2017-08-28,002346,27.79,27.99,28.2,27.38,81699,227376982.0,2.96,1.01,0.28,10.24
2017-08-29,002346,28.1,27.92,28.19,27.67,80561,224761840.0,1.86,-0.25,-0.07,10.1
2017-08-30,002346,27.98,27.58,28.01,27.47,61842,171213679.0,1.93,-1.22,-0.34,7.75
2017-08-31,002346,27.65,27.4,27.66,27.22,51027,139819523.0,1.6,-0.65,-0.18,6.39
2017-09-01,002346,27.38,27.61,27.99,27.32,66041,183356483.0,2.45,0.77,0.21,8.28
2017-09-04,002346,27.3,27.06,27.35,26.8,70036,189261033.0,1.99,-1.99,-0.55,8.78
2017-09-05,002346,27.06,27.26,27.49,26.94,53721,146807851.0,2.03,0.74,0.2,6.73
2017-09-06,002346,27.34,26.97,27.34,26.83,45532,122837163.0,1.87,-1.06,-0.29,5.71
2017-09-07,002346,27.0,27.09,27.21,26.68,56553,152403061.0,1.97,0.44,0.12,7.09
2017-09-08,002346,28.5,27.67,29.65,27.51,163074,462165056.0,7.9,2.14,0.58,20.44
2017-09-11,002346,27.04,27.8,28.29,27.02,88532,246532317.0,4.59,0.47,0.13,11.09
2017-09-12,002346,27.51,27.43,28.16,27.3,74607,206315684.0,3.09,-1.33,-0.37,9.35
2017-09-13,002346,27.37,27.47,27.75,27.11,43649,119734135.0,2.33,0.15,0.04,5.47
2017-09-14,002346,27.6,28.0,28.21,27.46,95997,268137116.0,2.73,1.93,0.53,12.03
2017-09-15,002346,27.9,27.26,27.9,27.16,61536,168581791.0,2.64,-2.64,-0.74,7.71
2017-09-18,002346,27.18,27.37,27.57,27.14,31847,87081834.0,1.58,0.4,0.11,3.99
2017-09-19,002346,27.21,27.08,27.49,27.07,36075,98144861.0,1.53,-1.06,-0.29,4.52
2017-09-20,002346,26.98,27.1,27.1,26.41,47775,127996883.0,2.55,0.07,0.02,5.99
2017-09-21,002346,27.15,26.92,27.48,26.88,37037,100702408.0,2.21,-0.66,-0.18,4.64
2017-09-22,002346,26.74,26.4,26.79,26.39,36031,95566087.0,1.49,-1.93,-0.52,4.52
2017-09-25,002346,26.4,26.48,26.68,26.39,22689,60162591.0,1.1,0.3,0.08,2.84
2017-09-26,002346,26.49,26.84,26.98,26.49,32742,87674963.0,1.85,1.36,0.36,4.1
2017-09-27,002346,26.78,26.67,26.89,26.56,25300,67500339.0,1.23,-0.63,-0.17,3.17
2017-09-28,002346,26.68,26.0,26.8,26.0,41648,109257439.0,3.0,-2.51,-0.67,5.22
2017-09-29,002346,26.24,25.79,26.24,25.62,29153,75344677.0,2.38,-0.81,-0.21,3.65
2017-10-09,002346,26.32,26.74,27.8,26.15,68701,185013438.0,6.4,3.68,0.95,8.61
2017-10-10,002346,26.73,26.82,26.99,26.41,41137,109978307.0,2.17,0.3,0.08,5.16
2017-10-11,002346,26.76,27.46,27.8,26.64,86320,236454680.0,4.33,2.39,0.64,10.82
2017-10-12,002346,27.4,27.01,27.4,26.8,50927,137658172.0,2.18,-1.64,-0.45,6.38
2017-10-13,002346,27.01,26.96,27.1,26.65,35691,95775605.0,1.67,-0.19,-0.05,4.47
2017-10-16,002346,27.3,27.15,27.66,27.0,66645,182194883.0,2.45,0.7,0.19,8.35
2017-10-17,002346,27.0,26.62,27.12,25.42,40555,107355154.0,6.26,-1.95,-0.53,5.08
2017-10-18,002346,26.58,26.0,26.74,25.85,39402,103333010.0,3.34,-2.33,-0.62,4.94
2017-10-19,002346,26.16,25.64,26.17,25.59,26339,67813227.0,2.23,-1.38,-0.36,3.3
2017-10-20,002346,25.7,25.89,26.16,25.65,21540,55817960.0,1.99,0.98,0.25,2.7
2017-10-23,002346,25.86,26.02,26.08,25.7,18173,47143290.0,1.47,0.5,0.13,2.28
2017-10-24,002346,26.02,26.36,27.68,25.82,49542,132349579.0,7.15,1.31,0.34,6.21
2017-10-25,002346,26.04,26.29,26.37,26.03,29228,76484248.0,1.29,-0.27,-0.07,3.66
2017-10-26,002346,26.14,26.32,26.57,26.14,25227,66426641.0,1.64,0.11,0.03,3.16
2017-10-27,002346,26.32,26.16,26.55,26.15,23195,61109937.0,1.52,-0.61,-0.16,2.91
2017-10-30,002346,26.17,25.21,26.35,24.02,39604,100388963.0,8.91,-3.63,-0.95,4.96
2017-10-31,002346,25.2,25.13,25.44,24.72,26992,67609997.0,2.86,-0.32,-0.08,3.38
2017-11-01,002346,25.13,25.15,25.52,25.1,22123,55830827.0,1.67,0.08,0.02,2.77
2017-11-02,002346,25.15,24.64,25.4,24.61,27522,68584750.0,3.14,-2.03,-0.51,3.45
2017-11-03,002346,24.9,23.94,24.9,23.6,34658,83674313.0,5.28,-2.84,-0.7,4.34
2017-11-06,002346,23.94,24.09,24.13,23.63,22578,53917846.0,2.09,0.63,0.15,2.83
2017-11-07,002346,24.05,23.95,24.09,23.66,23702,56445979.0,1.78,-0.58,-0.14,2.97
2017-11-08,002346,24.0,24.44,25.38,23.81,56510,139042027.0,6.56,2.05,0.49,7.08
2017-11-09,002346,24.1,24.23,24.4,24.01,29988,72468234.0,1.6,-0.86,-0.21,3.76
2017-11-10,002346,24.23,24.04,24.35,24.02,22876,55282394.0,1.36,-0.78,-0.19,2.87
2017-11-13,002346,24.06,23.81,24.19,23.7,27388,65159056.0,2.04,-0.96,-0.23,3.43
2017-11-14,002346,23.73,24.0,24.35,23.71,31036,74696979.0,2.69,0.8,0.19,3.89
2017-11-15,002346,24.0,23.23,24.05,23.23,29793,70042844.0,3.42,-3.21,-0.77,3.73
2017-11-16,002346,23.26,23.3,23.93,23.2,31452,74027530.0,3.14,0.3,0.07,3.94
2017-11-17,002346,23.2,21.85,23.2,21.75,42419,94921701.0,6.22,-6.22,-1.45,5.32
2017-11-20,002346,21.85,21.7,22.0,20.71,25350,54097734.0,5.9,-0.69,-0.15,3.18
2017-11-21,002346,21.75,21.85,22.2,21.4,22634,49511824.0,3.69,0.69,0.15,2.84
2017-11-22,002346,22.0,22.39,23.42,22.0,54603,123820414.0,6.5,2.47,0.54,6.84
2017-11-23,002346,22.13,22.94,23.81,21.53,72112,163851757.0,10.18,2.46,0.55,9.04
2017-11-24,002346,22.69,22.7,23.16,22.52,38099,86876711.0,2.79,-1.05,-0.24,4.77
2017-11-27,002346,22.11,22.34,23.24,22.11,30073,68102508.0,4.98,-1.59,-0.36,3.77
2017-11-28,002346,22.26,22.69,23.06,22.1,36605,82927127.0,4.3,1.57,0.35,4.59
2017-11-29,002346,22.65,24.96,24.96,22.55,164426,397982912.0,10.62,10.0,2.27,20.6
2017-11-30,002346,24.8,24.0,24.99,23.91,129708,316867680.0,4.33,-3.85,-0.96,16.25
2017-12-01,002346,23.64,23.77,24.58,23.61,81719,196166177.0,4.04,-0.96,-0.23,10.24
2017-12-04,002346,23.92,24.1,24.53,23.79,76917,186037712.0,3.11,1.39,0.33,9.64
2017-12-05,002346,24.1,23.34,24.1,23.06,59279,139674625.0,4.32,-3.15,-0.76,7.43
2017-12-06,002346,23.01,22.9,23.09,22.08,60057,135308123.0,4.33,-1.89,-0.44,7.53
2017-12-07,002346,22.67,22.81,23.15,22.3,43309,98359444.0,3.71,-0.39,-0.09,5.43
2017-12-08,002346,22.59,22.65,23.0,22.58,42864,97445868.0,1.84,-0.7,-0.16,5.37
2017-12-11,002346,22.7,22.98,23.0,22.7,39041,89277558.0,1.32,1.46,0.33,4.89
2017-12-12,002346,23.02,23.16,23.96,23.02,66683,156213307.0,4.09,0.78,0.18,8.36
2017-12-13,002346,22.83,22.78,22.92,22.3,38064,86048743.0,2.68,-1.64,-0.38,4.77
2017-12-14,002346,22.78,22.4,22.84,22.27,35105,78988021.0,2.5,-1.67,-0.38,4.4
2017-12-15,002346,22.36,21.82,22.5,21.72,39900,87792057.0,3.48,-2.59,-0.58,5.0
2017-12-18,002346,21.62,21.19,21.99,21.02,34290,73666483.0,4.45,-2.89,-0.63,4.3
2017-12-19,002346,21.43,21.66,21.75,21.22,30455,65549509.0,2.5,2.22,0.47,3.82
2017-12-20,002346,21.5,21.02,21.55,20.98,28928,61301000.0,2.63,-2.95,-0.64,3.63
2017-12-21,002346,21.09,20.74,21.18,20.08,30102,62008174.0,5.23,-1.33,-0.28,3.77
2017-12-22,002346,20.71,20.76,20.98,20.6,21530,44773983.0,1.83,0.1,0.02,2.7
2017-12-25,002346,20.77,19.85,20.77,19.7,33574,67768357.0,5.15,-4.38,-0.91,4.21
2017-12-26,002346,19.98,19.72,19.98,19.31,31017,60761704.0,3.38,-0.65,-0.13,3.89
2017-12-27,002346,19.2,18.6,19.2,18.01,60779,113291558.0,6.03,-5.68,-1.12,7.62
2017-12-28,002346,17.96,18.02,18.49,17.87,53322,96914596.0,3.33,-3.12,-0.58,6.68
2017-12-29,002346,18.01,18.69,18.89,17.99,53894,100533387.0,4.99,3.72,0.67,6.75
2018-01-02,002346,18.46,19.04,19.4,18.36,47352,89796605.0,5.56,1.87,0.35,1.21
2018-01-03,002346,19.0,20.01,20.91,18.9,77525,156162979.0,10.56,5.09,0.97,1.98
2018-01-04,002346,20.07,19.74,20.39,19.6,49907,99029641.0,3.95,-1.35,-0.27,1.28
2018-01-05,002346,19.93,19.85,19.94,19.6,36413,72086289.0,1.72,0.56,0.11,0.93
2018-01-08,002346,20.1,19.98,20.3,19.9,36684,73544342.0,2.02,0.65,0.13,0.94
2018-01-09,002346,19.88,19.28,19.88,19.28,37202,72403686.0,3.0,-3.5,-0.7,0.95
2018-01-10,002346,19.33,19.39,19.62,19.1,30676,59571453.0,2.7,0.57,0.11,0.78
2018-01-11,002346,19.5,19.13,19.5,18.83,29065,55261696.0,3.46,-1.34,-0.26,0.74
2018-01-12,002346,18.99,18.7,19.37,18.67,26582,50380987.0,3.66,-2.25,-0.43,0.68
2018-01-15,002346,18.8,20.01,20.25,18.8,96700,191606067.0,7.75,7.01,1.31,2.47
2018-01-16,002346,19.72,19.69,19.9,19.26,67183,130935978.0,3.2,-1.6,-0.32,1.72
2018-01-17,002346,19.52,19.25,19.69,18.91,45609,87607855.0,3.96,-2.23,-0.44,1.17
2018-01-18,002346,19.22,19.1,19.45,19.01,25613,49162471.0,2.29,-0.78,-0.15,0.65
2018-01-19,002346,19.19,19.05,19.26,18.95,24936,47545955.0,1.62,-0.26,-0.05,0.64
2018-01-22,002346,19.02,19.29,19.36,18.74,31740,60701835.0,3.25,1.26,0.24,0.81
2018-01-23,002346,19.35,19.26,19.44,19.18,23673,45643413.0,1.35,-0.16,-0.03,0.61
2018-01-24,002346,19.27,19.37,19.4,19.05,25033,48174137.0,1.82,0.57,0.11,0.64
2018-01-25,002346,19.41,19.4,20.2,19.3,44508,87857938.0,4.65,0.15,0.03,1.14
2018-01-26,002346,19.39,19.69,19.88,19.03,44942,87684330.0,4.38,1.49,0.29,1.15
2018-01-29,002346,19.3,18.96,19.62,18.82,34000,65185185.0,4.06,-3.71,-0.73,0.87
2018-01-30,002346,18.7,18.7,19.2,18.69,22684,42917314.0,2.69,-1.37,-0.26,0.58
2018-01-31,002346,18.78,17.87,18.86,17.8,30529,55349461.0,5.67,-4.44,-0.83,0.78
2018-02-01,002346,17.95,16.99,18.22,16.8,26728,47235677.0,7.95,-4.92,-0.88,0.68
2018-02-02,002346,16.72,16.88,16.91,15.5,23847,39233223.0,8.3,-0.65,-0.11,0.61
2018-02-05,002346,16.6,17.03,17.25,16.18,17344,29419289.0,6.34,0.89,0.15,0.44
2018-02-06,002346,16.79,15.62,16.99,15.6,23022,37269418.0,8.16,-8.28,-1.41,0.59
2018-02-07,002346,15.76,15.73,16.27,15.11,18990,29965455.0,7.43,0.7,0.11,0.49
2018-02-08,002346,15.8,16.09,16.33,15.8,20951,33816473.0,3.37,2.29,0.36,0.54
2018-02-09,002346,15.68,15.35,15.86,15.2,22789,35358808.0,4.1,-4.6,-0.74,0.58
2018-02-12,002346,15.35,15.87,15.91,15.35,15248,24021526.0,3.65,3.39,0.52,0.39
2018-02-13,002346,16.3,15.72,16.3,15.7,18849,30171515.0,3.78,-0.95,-0.15,0.48
2018-02-14,002346,15.73,16.02,16.18,15.53,14634,23314866.0,4.13,1.91,0.3,0.37
2018-02-22,002346,16.12,16.34,16.45,16.03,18061,29350371.0,2.62,2.0,0.32,0.46
2018-02-23,002346,16.35,16.54,16.58,16.22,18381,30057119.0,2.2,1.22,0.2,0.47
2018-02-26,002346,16.53,17.32,17.8,16.42,42933,73332232.0,8.34,4.72,0.78,1.1
2018-02-27,002346,17.07,17.2,17.78,16.92,39267,67717763.0,4.97,-0.69,-0.12,1.0
2018-02-28,002346,17.16,17.36,17.55,16.84,36329,62755759.0,4.13,0.93,0.16,0.93
2018-03-01,002346,17.57,17.3,17.65,17.16,29499,51148518.0,2.82,-0.35,-0.06,0.75
2018-03-02,002346,17.59,17.96,18.5,17.35,72517,129678681.0,6.65,3.82,0.66,1.85
2018-03-05,002346,18.0,17.74,18.2,17.55,42412,75444817.0,3.62,-1.22,-0.22,1.08
2018-03-06,002346,17.88,17.77,17.88,17.16,45094,79074168.0,4.06,0.17,0.03,1.15
2018-03-07,002346,17.96,17.71,17.96,17.52,31489,55652561.0,2.48,-0.34,-0.06,0.81
2018-03-08,002346,17.76,17.7,17.91,17.62,31000,55027768.0,1.64,-0.06,-0.01,0.79
2018-03-09,002346,17.72,17.85,18.2,17.6,40547,72230823.0,3.39,0.85,0.15,1.04
2018-03-12,002346,17.94,18.31,18.6,17.84,65677,119671933.0,4.26,2.58,0.46,1.68
2018-03-13,002346,18.29,17.8,18.29,17.8,46869,84342457.0,2.68,-2.79,-0.51,1.2
2018-03-14,002346,17.6,17.63,17.95,17.59,31128,55236053.0,2.02,-0.96,-0.17,0.8
2018-03-15,002346,17.43,17.1,17.66,16.9,35959,61948639.0,4.31,-3.01,-0.53,0.92
2018-03-16,002346,17.11,16.92,17.27,16.92,21109,36137958.0,2.05,-1.05,-0.18,0.54
2018-03-19,002346,17.08,17.2,17.38,16.82,22993,39506268.0,3.31,1.65,0.28,0.59
2018-03-20,002346,17.01,17.16,17.16,16.91,19781,33722726.0,1.45,-0.23,-0.04,0.51
2018-03-21,002346,17.21,18.88,18.88,17.21,159173,296487936.0,9.73,10.02,1.72,4.07
2018-03-22,002346,19.09,20.05,20.77,19.06,266376,530856160.0,9.06,6.2,1.17,6.81
2018-03-23,002346,18.55,18.05,19.17,18.05,159493,295286480.0,5.59,-9.98,-2.0,4.08
2018-03-26,002346,17.72,17.98,18.1,16.38,97604,169174502.0,9.53,-0.39,-0.07,2.5
2018-03-27,002346,17.86,19.78,19.78,17.86,133724,253544213.0,10.68,10.01,1.8,3.42
2018-03-28,002346,20.46,19.3,20.94,19.3,197761,397394960.0,8.29,-2.43,-0.48,5.06
2018-03-29,002346,19.64,19.25,19.97,19.11,86529,168049561.0,4.46,-0.26,-0.05,2.21
2018-03-30,002346,19.2,19.26,19.49,19.0,83788,161469851.0,2.55,0.05,0.01,2.14
2018-04-02,002346,19.05,19.62,19.8,18.78,102217,197158647.0,5.3,1.87,0.36,2.61
2018-04-03,002346,19.29,18.84,19.32,18.8,64523,122431475.0,2.65,-3.98,-0.78,1.65
2018-04-04,002346,18.88,18.49,19.29,18.42,54489,102440635.0,4.62,-1.86,-0.35,1.39
2018-04-09,002346,18.35,18.85,18.93,17.68,60189,110538791.0,6.76,1.95,0.36,1.54
2018-04-10,002346,18.81,18.52,19.15,18.26,52491,98140493.0,4.72,-1.75,-0.33,1.34
2018-04-11,002346,18.7,18.55,18.79,18.35,36129,66977360.0,2.38,0.16,0.03,0.92
2018-04-12,002346,18.5,17.91,18.5,17.9,50137,90971886.0,3.23,-3.45,-0.64,1.28
2018-04-13,002346,17.84,17.87,18.14,17.84,26718,47984014.0,1.68,-0.22,-0.04,0.68
2018-04-16,002346,17.82,17.9,18.09,17.65,29497,52748586.0,2.46,0.17,0.03,0.75
2018-04-17,002346,17.88,18.46,18.98,17.81,84674,156528681.0,6.54,3.13,0.56,2.16
2018-04-18,002346,18.36,18.05,18.49,17.02,56596,101147640.0,7.96,-2.22,-0.41,1.45
2018-04-19,002346,17.98,17.67,17.98,17.61,41257,73243683.0,2.05,-2.11,-0.38,1.05
2018-04-20,002346,17.75,17.29,18.15,17.21,35348,62732400.0,5.32,-2.15,-0.38,0.9
2018-04-23,002346,17.4,16.71,17.4,16.51,33889,56869021.0,5.15,-3.35,-0.58,0.87
2018-04-24,002346,16.78,17.18,17.23,16.72,28294,48287872.0,3.05,2.81,0.47,0.72
2018-04-25,002346,16.98,17.14,17.38,16.84,23413,40087194.0,3.14,-0.23,-0.04,0.6
2018-04-26,002346,17.23,16.57,17.39,16.55,29834,50725705.0,4.9,-3.33,-0.57,0.76
2018-04-27,002346,16.83,16.41,16.92,16.32,25007,41427205.0,3.62,-0.97,-0.16,0.64
2018-05-02,002346,16.5,16.61,16.79,16.45,16309,27032575.0,2.07,1.22,0.2,0.42
2018-05-03,002346,16.61,16.93,17.43,16.31,30380,51110407.0,6.74,1.93,0.32,0.78
2018-05-04,002346,16.76,16.75,17.07,16.72,19526,32993312.0,2.07,-1.06,-0.18,0.5
2018-05-07,002346,16.7,17.0,17.08,16.7,19188,32548534.0,2.27,1.49,0.25,0.49
2018-05-08,002346,17.06,17.43,17.5,16.94,40165,69587074.0,3.29,2.53,0.43,1.03
2018-05-09,002346,17.53,17.63,18.45,17.35,56812,101431835.0,6.31,1.15,0.2,1.45
2018-05-10,002346,17.77,17.52,17.96,17.4,36237,63914927.0,3.18,-0.62,-0.11,0.93
2018-05-11,002346,17.53,17.47,17.89,17.44,27383,48267492.0,2.57,-0.29,-0.05,0.7
2018-05-14,002346,17.39,17.1,17.65,17.02,24026,41488786.0,3.61,-2.12,-0.37,0.61
2018-05-15,002346,17.1,17.28,17.3,17.02,19819,34021116.0,1.64,1.05,0.18,0.51
2018-05-16,002346,17.15,17.08,17.39,17.04,19000,32737786.0,2.03,-1.16,-0.2,0.49
2018-05-17,002346,17.08,16.8,17.22,16.77,20770,35178354.0,2.63,-1.64,-0.28,0.53
2018-05-18,002346,16.72,16.81,16.95,16.61,18637,31257234.0,2.02,0.06,0.01,0.48
2018-05-21,002346,16.95,17.19,17.48,16.86,23680,40708386.0,3.69,2.26,0.38,0.61
2018-05-22,002346,17.25,17.21,17.3,16.98,20606,35223526.0,1.86,0.12,0.02,0.53
2018-05-23,002346,17.15,16.78,17.15,16.72,23834,40302606.0,2.5,-2.5,-0.43,0.61
2018-05-24,002346,16.9,16.72,16.9,16.64,16401,27410338.0,1.55,-0.36,-0.06,0.42
2018-05-25,002346,16.65,16.39,16.8,16.37,20323,33631588.0,2.57,-1.97,-0.33,0.52
2018-05-28,002346,16.35,16.52,16.7,16.25,16788,27666396.0,2.75,0.79,0.13,0.43
2018-05-29,002346,16.51,16.3,16.67,16.3,15548,25656320.0,2.24,-1.33,-0.22,0.4
2018-05-30,002346,16.01,15.07,16.01,14.7,29100,45037387.0,8.04,-7.55,-1.23,0.74
2018-05-31,002346,15.35,15.23,15.48,15.12,14739,22500930.0,2.39,1.06,0.16,0.38
2018-06-01,002346,15.35,15.19,15.35,15.01,13783,20936629.0,2.23,-0.26,-0.04,0.35
2018-06-04,002346,15.55,15.58,15.98,15.48,18737,29325743.0,3.29,2.57,0.39,0.48
2018-06-05,002346,15.58,15.68,15.73,15.42,13795,21502514.0,1.99,0.64,0.1,0.35
2018-06-06,002346,15.68,15.52,15.77,15.52,11090,17318777.0,1.59,-1.02,-0.16,0.28
2018-06-07,002346,15.5,15.9,16.19,15.5,32430,51161531.0,4.45,2.45,0.38,0.83
2018-06-08,002346,16.0,15.71,16.0,15.59,18550,29111977.0,2.58,-1.19,-0.19,0.47
2018-06-11,002346,15.83,15.62,15.83,15.59,12991,20350097.0,1.53,-0.57,-0.09,0.33
2018-06-12,002346,15.6,15.75,15.8,15.6,12611,19782615.0,1.28,0.83,0.13,0.32
2018-06-13,002346,15.87,15.33,15.87,15.16,14990,23428498.0,4.51,-2.67,-0.42,0.38
2018-06-14,002346,15.15,15.07,15.45,15.0,14880,22555979.0,2.94,-1.7,-0.26,0.38
2018-06-15,002346,15.1,14.31,15.18,14.0,21008,30506356.0,7.83,-5.04,-0.76,0.54
2018-06-19,002346,14.1,12.88,14.1,12.88,30369,40807366.0,8.53,-9.99,-1.43,0.78
2018-06-20,002346,12.88,13.19,13.35,12.7,17831,23244690.0,5.05,2.41,0.31,0.46
2018-06-21,002346,13.19,12.3,13.2,11.91,24475,30766581.0,9.78,-6.75,-0.89,0.63
2018-06-22,002346,12.28,12.6,13.08,11.85,17799,22337876.0,10.0,2.44,0.3,0.46
2018-06-25,002346,12.68,12.61,12.96,12.6,13810,17623284.0,2.86,0.08,0.01,0.35
2018-06-26,002346,12.55,12.85,12.85,12.17,14805,18761726.0,5.39,1.9,0.24,0.38
2018-06-27,002346,12.76,12.73,12.99,12.6,14626,18701714.0,3.04,-0.93,-0.12,0.37
2018-06-28,002346,12.61,12.69,12.94,12.6,12519,16045221.0,2.67,-0.31,-0.04,0.32
2018-06-29,002346,12.68,12.94,13.08,12.62,17017,21977257.0,3.62,1.97,0.25,0.44
2018-07-02,002346,13.0,13.19,13.78,12.92,34565,46017266.0,6.65,1.93,0.25,0.88
2018-07-03,002346,13.17,13.13,13.19,12.7,23153,30120374.0,3.71,-0.45,-0.06,0.59
2018-07-04,002346,13.26,14.44,14.44,13.26,35835,50714464.0,8.99,9.98,1.31,0.91
2018-07-05,002346,15.0,13.7,15.13,13.7,73085,105706547.0,9.9,-5.12,-0.74,1.86
2018-07-06,002346,13.34,13.4,13.72,12.6,49930,66013834.0,8.18,-2.19,-0.3,1.27
2018-07-09,002346,13.53,13.98,14.74,13.42,45455,63629087.0,9.85,4.33,0.58,1.16
2018-07-10,002346,13.81,13.95,14.5,13.79,36426,51105836.0,5.08,-0.21,-0.03,0.93
2018-07-11,002346,13.41,13.61,13.64,13.25,25792,34685125.0,2.8,-2.44,-0.34,0.66
2018-07-12,002346,13.45,13.92,13.98,13.43,29241,40310128.0,4.04,2.28,0.31,0.75
2018-07-13,002346,13.85,13.77,14.03,13.65,21467,29515182.0,2.73,-1.08,-0.15,0.55
2018-07-16,002346,13.45,13.4,13.68,13.35,14278,19222534.0,2.4,-2.69,-0.37,0.36
2018-07-17,002346,13.4,13.52,13.55,13.21,18844,25249563.0,2.54,0.9,0.12,0.48
2018-07-18,002346,13.52,13.2,13.57,13.2,15244,20347554.0,2.74,-2.37,-0.32,0.39
2018-07-19,002346,13.24,13.34,14.34,13.2,49090,66323610.0,8.64,1.06,0.14,1.25
2018-07-20,002346,13.35,13.09,13.5,12.71,32577,42187303.0,5.92,-1.87,-0.25,0.83
2018-07-23,002346,12.9,13.08,13.18,12.81,21839,28406559.0,2.83,-0.08,-0.01,0.56
2018-07-24,002346,13.08,13.38,13.83,12.94,29842,39972486.0,6.8,2.29,0.3,0.76
2018-07-25,002346,13.53,13.48,13.55,13.24,27038,36206666.0,2.32,0.75,0.1,0.69
2018-07-26,002346,13.45,13.2,13.5,13.11,24214,32098019.0,2.89,-2.08,-0.28,0.62
2018-07-27,002346,13.19,13.21,13.48,13.16,22655,30202171.0,2.42,0.08,0.01,0.58
2018-07-30,002346,13.19,12.85,13.36,12.82,21695,28451661.0,4.09,-2.73,-0.36,0.55
2018-07-31,002346,12.85,12.88,13.07,12.8,12531,16184092.0,2.1,0.23,0.03,0.32
2018-08-01,002346,12.78,12.52,13.08,12.5,15685,20064072.0,4.5,-2.8,-0.36,0.4
2018-08-02,002346,12.7,11.95,12.7,11.27,24665,29628390.0,11.42,-4.55,-0.57,0.63
2018-08-03,002346,12.13,11.9,12.44,11.81,16245,19620382.0,5.27,-0.42,-0.05,0.41
2018-08-06,002346,12.01,11.85,12.28,11.66,18400,22091563.0,5.21,-0.42,-0.05,0.47
2018-08-07,002346,11.33,12.04,12.12,11.33,19986,23561267.0,6.67,1.6,0.19,0.51
2018-08-08,002346,11.93,11.66,12.03,11.6,14839,17550026.0,3.57,-3.16,-0.38,0.38
2018-08-09,002346,11.66,11.88,11.98,11.59,16390,19449598.0,3.34,1.89,0.22,0.42
2018-08-10,002346,11.88,12.02,12.07,11.82,13100,15652339.0,2.1,1.18,0.14,0.33
2018-08-13,002346,11.85,11.94,11.99,11.74,11807,14001726.0,2.08,-0.67,-0.08,0.3
2018-08-14,002346,11.94,12.08,12.26,11.94,20139,24365781.0,2.68,1.17,0.14,0.51
2018-08-15,002346,11.96,11.74,12.14,11.68,14882,17725762.0,3.81,-2.81,-0.34,0.38
2018-08-16,002346,11.59,11.68,11.96,11.41,12513,14687174.0,4.68,-0.51,-0.06,0.32
2018-08-17,002346,11.7,11.32,11.88,11.27,13558,15669394.0,5.22,-3.08,-0.36,0.35
2018-08-20,002346,11.34,11.48,11.58,10.9,15417,17327291.0,6.01,1.41,0.16,0.39
2018-08-21,002346,11.42,11.94,12.63,11.35,34909,41723494.0,11.15,4.01,0.46,0.89
2018-08-22,002346,11.74,11.52,11.96,11.52,20805,24377334.0,3.69,-3.52,-0.42,0.53
2018-08-23,002346,11.47,11.56,11.73,11.46,12490,14453849.0,2.34,0.35,0.04,0.32
2018-08-24,002346,11.5,11.54,11.67,11.44,9336,10768474.0,1.99,-0.17,-0.02,0.24
2018-08-27,002346,11.85,11.98,12.0,11.67,30183,35949408.0,2.86,3.81,0.44,0.77
2018-08-28,002346,11.95,11.96,12.09,11.86,17722,21220369.0,1.92,-0.17,-0.02,0.45
2018-08-29,002346,11.94,11.82,12.05,11.8,11974,14208967.0,2.09,-1.17,-0.14,0.31
2018-08-30,002346,11.82,11.8,12.5,11.77,39356,47577190.0,6.18,-0.17,-0.02,1.0
2018-08-31,002346,11.65,11.29,11.68,11.28,26099,29862932.0,3.39,-4.32,-0.51,0.67
2018-09-03,002346,11.29,11.29,11.39,11.05,15204,17028646.0,3.01,0.0,0.0,0.39
2018-09-04,002346,11.26,11.41,11.47,11.21,13020,14835070.0,2.3,1.06,0.12,0.33
2018-09-05,002346,11.37,11.2,11.45,11.15,11851,13400412.0,2.63,-1.84,-0.21,0.3
2018-09-06,002346,11.15,11.11,11.29,11.1,9701,10843296.0,1.7,-0.8,-0.09,0.25
2018-09-07,002346,11.09,11.12,11.25,11.03,10244,11429141.0,1.98,0.09,0.01,0.26
2018-09-10,002346,11.17,10.64,11.17,10.58,15289,16632299.0,5.31,-4.32,-0.48,0.39
2018-09-11,002346,10.68,10.7,10.79,10.45,11426,12148129.0,3.2,0.56,0.06,0.29
2018-09-12,002346,10.69,10.78,10.84,10.6,9672,10402218.0,2.24,0.75,0.08,0.25
2018-09-13,002346,10.87,10.84,10.92,10.66,10036,10840688.0,2.41,0.56,0.06,0.26
2018-09-14,002346,10.83,10.87,11.2,10.77,18299,20033508.0,3.97,0.28,0.03,0.47
2018-09-17,002346,10.87,11.19,11.68,10.72,45505,51007547.0,8.83,2.94,0.32,1.16
2018-09-18,002346,11.0,11.2,11.2,10.81,32968,36271216.0,3.49,0.09,0.01,0.84
2018-09-19,002346,11.18,11.19,11.26,10.98,22782,25391680.0,2.5,-0.09,-0.01,0.58
2018-09-20,002346,11.17,11.34,11.45,11.08,29026,32795725.0,3.31,1.34,0.15,0.74
2018-09-21,002346,11.27,11.47,11.8,11.21,37215,42816800.0,5.2,1.15,0.13,0.95
2018-09-25,002346,11.33,11.45,11.7,11.25,30848,35334894.0,3.92,-0.17,-0.02,0.79
2018-09-26,002346,11.61,11.28,11.67,11.21,27903,31684066.0,4.02,-1.48,-0.17,0.71
2018-09-27,002346,11.11,10.77,11.26,10.74,34037,37111145.0,4.61,-4.52,-0.51,0.87
2018-09-28,002346,10.8,10.86,10.94,10.78,12296,13370411.0,1.49,0.84,0.09,0.31
2018-10-08,002346,10.73,10.45,10.79,10.3,15885,16844964.0,4.51,-3.78,-0.41,0.4
2018-10-09,002346,10.43,10.49,10.59,10.38,9855,10338237.0,2.01,0.38,0.04,0.25
2018-10-10,002346,10.52,10.62,10.63,10.4,9908,10426000.0,2.19,1.24,0.13,0.25
2018-10-11,002346,10.3,9.6,10.31,9.56,23818,23432261.0,7.06,-9.6,-1.02,0.61
2018-10-12,002346,9.59,9.21,9.59,8.78,22796,20868482.0,8.44,-4.06,-0.39,0.58
2018-10-15,002346,9.18,9.15,9.55,9.11,11571,10768644.0,4.78,-0.65,-0.06,0.29
2018-10-16,002346,9.17,8.92,9.35,8.8,11551,10452909.0,6.01,-2.51,-0.23,0.29
2018-10-17,002346,9.01,9.08,9.17,8.87,13203,11917702.0,3.36,1.79,0.16,0.34
2018-10-18,002346,9.05,8.71,9.05,8.68,13774,12117920.0,4.07,-4.07,-0.37,0.35
2018-10-19,002346,8.69,8.8,8.83,7.85,18668,15996708.0,11.25,1.03,0.09,0.48
2018-10-22,002346,8.8,9.12,9.31,8.8,25278,23014454.0,5.8,3.64,0.32,0.64
2018-10-23,002346,9.16,9.01,9.23,8.94,17241,15639929.0,3.18,-1.21,-0.11,0.44
2018-10-24,002346,8.94,9.02,9.12,8.9,14650,13216283.0,2.44,0.11,0.01,0.37
2018-10-25,002346,8.8,8.83,8.88,8.3,17256,14992104.0,6.43,-2.11,-0.19,0.44
2018-10-26,002346,8.89,9.21,9.45,8.89,35239,32553125.0,6.34,4.3,0.38,0.9
2018-10-29,002346,9.19,8.89,9.19,8.82,17443,15613363.0,4.02,-3.47,-0.32,0.44
2018-10-30,002346,8.84,8.92,8.98,8.63,16597,14656428.0,3.94,0.34,0.03,0.42
2018-10-31,002346,8.86,8.99,9.07,8.86,14357,12923166.0,2.35,0.78,0.07,0.37
2018-11-01,002346,9.63,9.2,9.78,9.12,54974,51844723.0,7.34,2.34,0.21,1.4
2018-11-02,002346,9.2,9.43,9.45,9.2,35021,32645783.0,2.72,2.5,0.23,0.89
2018-11-05,002346,9.42,9.5,9.5,9.3,27000,25454728.0,2.12,0.74,0.07,0.69
2018-11-06,002346,9.53,9.47,9.53,9.32,18135,17059253.0,2.21,-0.32,-0.03,0.46
2018-11-07,002346,9.46,9.38,9.69,9.37,28205,26859892.0,3.38,-0.95,-0.09,0.72
2018-11-08,002346,9.42,9.48,9.51,9.3,19983,18874605.0,2.24,1.07,0.1,0.51
2018-11-09,002346,9.43,9.55,9.6,9.35,21410,20342130.0,2.64,0.74,0.07,0.55
2018-11-12,002346,9.56,9.69,9.75,9.42,34194,32763815.0,3.46,1.47,0.14,0.87
2018-11-13,002346,10.34,10.66,10.66,9.98,54206,56671122.0,7.02,10.01,0.97,1.38
2018-11-14,002346,11.73,11.73,11.73,11.73,12782,14993520.0,0.0,10.04,1.07,0.33
2018-11-15,002346,12.9,12.9,12.9,12.9,14779,19064910.0,0.0,9.97,1.17,0.38
2018-11-16,002346,14.19,14.19,14.19,13.93,86300,122296297.0,2.02,10.0,1.29,2.2
2018-11-19,002346,14.99,15.61,15.61,14.29,282381,434193456.0,9.3,10.01,1.42,7.2
2018-11-20,002346,14.15,14.06,14.88,14.05,232223,329480496.0,5.32,-9.93,-1.55,5.92
2018-11-21,002346,13.62,13.7,14.36,12.69,177164,239645437.0,11.88,-2.56,-0.36,4.52
2018-11-22,002346,13.55,13.3,13.78,13.13,106474,142968630.0,4.74,-2.92,-0.4,2.71
2018-11-23,002346,13.0,11.97,13.0,11.97,131123,160841361.0,7.74,-10.0,-1.33,3.34
2018-11-26,002346,11.73,11.94,12.14,11.73,69118,82652945.0,3.43,-0.25,-0.03,1.76
2018-11-27,002346,12.1,12.25,12.37,11.88,77318,93519781.0,4.1,2.6,0.31,1.97
2018-11-28,002346,12.28,11.85,12.35,11.51,78759,93063849.0,6.86,-3.27,-0.4,2.01
2018-11-29,002346,11.78,12.11,12.25,11.67,91354,109381607.0,4.89,2.19,0.26,2.33
2018-11-30,002346,11.8,11.83,12.04,11.55,66341,78402479.0,4.05,-2.31,-0.28,1.69
2018-12-03,002346,12.15,12.14,12.47,11.99,89440,109559648.0,4.06,2.62,0.31,2.28
2018-12-04,002346,12.01,13.35,13.35,11.91,187589,244555339.0,11.86,9.97,1.21,4.78
2018-12-05,002346,12.57,12.99,13.55,12.42,180807,233594249.0,8.46,-2.7,-0.36,4.61
2018-12-06,002346,12.51,11.96,12.82,11.92,115020,141829019.0,6.93,-7.93,-1.03,2.93
2018-12-07,002346,11.96,11.7,12.21,11.65,73308,87263100.0,4.68,-2.17,-0.26,1.87
2018-12-10,002346,11.58,11.36,11.76,11.17,55943,63881555.0,5.04,-2.91,-0.34,1.43
2018-12-11,002346,11.37,11.71,11.71,11.34,54849,63320883.0,3.26,3.08,0.35,1.4
2018-12-12,002346,11.7,11.77,11.96,11.48,51661,60625968.0,4.1,0.51,0.06,1.32
2018-12-13,002346,11.78,11.65,11.98,11.52,42687,50214250.0,3.91,-1.02,-0.12,1.09
2018-12-14,002346,11.6,11.1,11.73,11.1,48155,54699258.0,5.41,-4.72,-0.55,1.23
2018-12-17,002346,11.02,12.21,12.21,11.02,119010,142148228.0,10.72,10.0,1.11,3.03
2018-12-18,002346,12.15,13.43,13.43,12.04,190395,241134901.0,11.38,9.99,1.22,4.85
2018-12-19,002346,13.1,13.37,14.57,12.82,206720,278501200.0,13.03,-0.45,-0.06,5.27
2018-12-20,002346,12.96,13.0,13.6,12.71,153448,200781991.0,6.66,-2.77,-0.37,3.91
2018-12-21,002346,12.9,12.41,13.19,12.38,105645,134549194.0,6.23,-4.54,-0.59,2.69
2018-12-24,002346,12.64,12.38,12.79,12.29,81936,102414416.0,4.03,-0.24,-0.03,2.09
2018-12-25,002346,12.08,12.7,12.78,11.65,114659,139362005.0,9.13,2.58,0.32,2.92
2018-12-26,002346,12.7,13.19,13.77,12.45,160517,211705149.0,10.39,3.86,0.49,4.09
2018-12-27,002346,13.1,12.65,13.36,12.65,111454,145141007.0,5.38,-4.09,-0.54,2.84
2018-12-28,002346,12.8,12.5,13.01,12.4,70853,89979569.0,4.82,-1.19,-0.15,1.81
2019-01-02,002346,12.4,12.68,13.17,12.4,78858,101071402.0,6.16,1.44,0.18,2.0
2019-01-03,002346,12.5,12.0,13.2,11.86,94262,118412926.0,10.57,-5.36,-0.68,2.39
2019-01-04,002346,11.56,13.11,13.18,11.53,137193,173138702.0,13.75,9.25,1.11,3.48
2019-01-07,002346,13.1,13.22,13.54,12.85,137234,181022278.0,5.26,0.84,0.11,3.48
2019-01-08,002346,13.29,13.61,13.86,13.05,134562,180388105.0,6.13,2.95,0.39,3.41
2019-01-09,002346,13.54,13.29,13.76,13.2,121495,163822370.0,4.11,-2.35,-0.32,3.08
2019-01-10,002346,13.29,13.86,14.18,13.25,170482,234597711.0,7.0,4.29,0.57,4.32
2019-01-11,002346,13.55,14.1,14.33,13.28,157367,217708133.0,7.58,1.73,0.24,3.99
2019-01-14,002346,14.14,13.85,14.36,13.68,110350,154265510.0,4.82,-1.77,-0.25,2.8
2019-01-15,002346,13.65,13.58,13.82,13.32,82803,111991534.0,3.61,-1.95,-0.27,2.1
2019-01-16,002346,13.58,13.43,13.87,13.41,77599,105571749.0,3.39,-1.1,-0.15,1.97
2019-01-17,002346,13.44,13.4,13.79,13.11,73780,99540057.0,5.06,-0.22,-0.03,1.87
2019-01-18,002346,13.27,12.77,13.39,12.67,77242,100069396.0,5.37,-4.7,-0.63,1.96
2019-01-21,002346,12.9,12.95,13.07,12.8,42140,54474805.0,2.11,1.41,0.18,1.07
2019-01-22,002346,13.09,12.75,13.1,12.71,42945,55261011.0,3.01,-1.54,-0.2,1.09
2019-01-23,002346,12.73,12.76,12.9,12.52,36870,46837651.0,2.98,0.08,0.01,0.93
2019-01-24,002346,12.9,12.68,12.95,12.65,33572,42793374.0,2.35,-0.63,-0.08,0.85
2019-01-25,002346,12.71,12.45,12.75,12.41,32387,40671877.0,2.68,-1.81,-0.23,0.82
2019-01-28,002346,12.48,12.6,12.79,12.47,27744,35011753.0,2.57,1.2,0.15,0.7
2019-01-29,002346,12.61,11.88,12.68,11.73,39057,47060888.0,7.54,-5.71,-0.72,0.99
2019-01-30,002346,11.81,11.47,12.07,11.32,32639,38215734.0,6.31,-3.45,-0.41,0.83
2019-01-31,002346,11.45,10.75,11.74,10.43,47274,52177943.0,11.42,-6.28,-0.72,1.2
2019-02-01,002346,11.03,11.44,11.53,10.83,34423,38883657.0,6.51,6.42,0.69,0.87
2019-02-11,002346,11.51,11.91,11.95,11.51,28544,33744796.0,3.85,4.11,0.47,0.72
2019-02-12,002346,11.86,11.85,12.11,11.78,34601,41199280.0,2.77,-0.5,-0.06,0.88
2019-02-13,002346,11.9,12.06,12.19,11.8,35877,43185323.0,3.29,1.77,0.21,0.91
2019-02-14,002346,12.28,12.41,12.95,12.06,67414,84437660.0,7.38,2.9,0.35,1.71
2019-02-15,002346,12.25,12.1,12.35,12.06,45216,55052308.0,2.34,-2.5,-0.31,1.15
2019-02-18,002346,12.15,12.39,12.43,12.08,52234,64154581.0,2.89,2.4,0.29,1.32
2019-02-19,002346,12.39,12.54,12.61,12.3,57515,71743267.0,2.5,1.21,0.15,1.46
2019-02-20,002346,12.5,12.36,12.5,12.14,36382,44893999.0,2.87,-1.44,-0.18,0.92
2019-02-21,002346,12.43,12.49,12.84,12.38,69343,87444692.0,3.72,1.05,0.13,1.76
2019-02-22,002346,12.39,12.88,12.99,12.3,85347,109251609.0,5.52,3.12,0.39,2.16
2019-02-25,002346,12.88,13.69,13.99,12.83,110455,148202555.0,9.01,6.29,0.81,2.8
2019-02-26,002346,13.71,13.39,13.84,13.1,105453,141959504.0,5.41,-2.19,-0.3,2.67
2019-02-27,002346,13.35,13.44,13.73,13.06,71731,96233386.0,5.0,0.37,0.05,1.82
2019-02-28,002346,13.35,13.14,13.38,13.0,52982,69858591.0,2.83,-2.23,-0.3,1.34
2019-03-01,002346,13.14,13.32,13.58,13.14,53102,70884229.0,3.35,1.37,0.18,1.35
2019-03-04,002346,13.56,13.49,13.71,13.3,81063,109403362.0,3.08,1.28,0.17,2.05
2019-03-05,002346,13.45,14.13,14.21,13.32,108835,150437980.0,6.6,4.74,0.64,2.76
2019-03-06,002346,14.0,14.11,14.28,13.62,98105,136627995.0,4.67,-0.14,-0.02,2.49
2019-03-07,002346,14.03,14.47,14.67,13.85,109601,156956959.0,5.81,2.55,0.36,2.78
2019-03-08,002346,14.0,13.14,14.26,13.09,88063,121717436.0,8.09,-9.19,-1.33,2.23
2019-03-11,002346,13.06,14.45,14.45,13.06,96304,136185898.0,10.58,9.97,1.31,2.44
2019-03-12,002346,15.0,14.61,15.46,14.41,182674,274000528.0,7.27,1.11,0.16,4.63
2019-03-13,002346,14.92,15.06,16.0,14.63,157845,241409972.0,9.38,3.08,0.45,4.0
2019-03-14,002346,15.26,14.24,15.95,13.93,120408,179306967.0,13.41,-5.44,-0.82,3.05
2019-03-15,002346,14.8,14.88,15.1,14.32,101219,149416789.0,5.48,4.49,0.64,2.56
2019-03-18,002346,14.6,15.37,15.47,14.6,108977,165919241.0,5.85,3.29,0.49,2.76
2019-03-19,002346,15.4,15.15,15.43,14.91,78357,118022045.0,3.38,-1.43,-0.22,1.99
2019-03-20,002346,14.94,14.73,15.08,14.03,76163,111291189.0,6.93,-2.77,-0.42,1.93
2019-03-21,002346,14.53,14.67,14.91,14.5,59114,86992089.0,2.78,-0.41,-0.06,1.5
2019-03-22,002346,14.68,16.14,16.14,14.58,152662,235856271.0,10.63,10.02,1.47,3.87
2019-03-25,002346,16.3,16.32,17.68,16.02,234570,393518384.0,10.29,1.12,0.18,5.94
2019-03-26,002346,16.51,15.58,16.73,15.01,123969,196129294.0,10.54,-4.53,-0.74,3.14
2019-03-27,002346,15.87,15.99,16.18,15.58,93972,149235280.0,3.85,2.63,0.41,2.38
2019-03-28,002346,16.09,15.3,16.15,15.05,78202,121468308.0,6.88,-4.32,-0.69,1.98
2019-03-29,002346,15.17,15.5,15.57,14.81,71230,108402186.0,4.97,1.31,0.2,1.8
2019-04-01,002346,16.3,15.89,16.3,15.74,91429,145798145.0,3.61,2.52,0.39,2.32
2019-04-02,002346,15.95,16.78,17.43,15.9,147478,245701205.0,9.63,5.6,0.89,3.74
2019-04-03,002346,16.47,16.58,16.67,16.07,85766,140694278.0,3.58,-1.19,-0.2,2.17
2019-04-04,002346,16.61,16.49,16.72,16.26,71237,117103115.0,2.77,-0.54,-0.09,1.81
2019-04-08,002346,16.55,15.98,16.78,15.88,68248,110928907.0,5.46,-3.09,-0.51,1.73
2019-04-09,002346,15.98,16.26,16.39,15.7,57011,92179114.0,4.32,1.75,0.28,1.44
2019-04-10,002346,16.3,15.89,16.3,15.78,55727,88612691.0,3.2,-2.28,-0.37,1.41
2019-04-11,002346,15.78,15.23,15.96,15.23,58288,90881287.0,4.59,-4.15,-0.66,1.48
2019-04-12,002346,15.09,14.94,15.45,14.8,48402,72718399.0,4.27,-1.9,-0.29,1.23
2019-04-15,002346,15.27,14.7,15.4,14.65,39739,59882415.0,5.02,-1.61,-0.24,1.01
2019-04-16,002346,14.65,15.05,15.06,14.33,41537,61133329.0,4.97,2.38,0.35,1.05
2019-04-17,002346,15.05,15.06,15.25,15.01,34941,52861234.0,1.59,0.07,0.01,0.89
2019-04-18,002346,15.0,14.83,15.18,14.81,31217,46745817.0,2.46,-1.53,-0.23,0.79
2019-04-19,002346,14.8,15.25,15.25,14.67,38449,57616682.0,3.91,2.83,0.42,0.97
2019-04-22,002346,15.27,14.97,15.4,14.92,28501,43221734.0,3.15,-1.84,-0.28,0.72
2019-04-23,002346,14.85,15.15,15.39,14.82,35661,54037572.0,3.81,1.2,0.18,0.9
2019-04-24,002346,15.15,15.15,15.23,14.78,25432,38109260.0,2.97,0.0,0.0,0.64
2019-04-25,002346,15.08,14.87,15.39,14.87,39742,60161169.0,3.43,-1.85,-0.28,1.01
2019-04-26,002346,14.6,13.86,14.77,13.85,43632,62002679.0,6.19,-6.79,-1.01,1.11
2019-04-29,002346,13.86,13.52,14.1,13.3,28743,39560323.0,5.77,-2.45,-0.34,0.73
2019-04-30,002346,13.58,14.04,14.04,13.57,24795,34353313.0,3.48,3.85,0.52,0.63
2019-05-06,002346,13.88,12.72,13.9,12.64,32473,42518459.0,8.97,-9.4,-1.32,0.82
2019-05-07,002346,12.9,13.0,13.2,12.8,20955,27222824.0,3.14,2.2,0.28,0.53
2019-05-08,002346,12.92,13.02,13.18,12.68,18136,23583638.0,3.85,0.15,0.02,0.46
2019-05-09,002346,13.03,12.89,13.06,12.81,15015,19404793.0,1.92,-1.0,-0.13,0.38
2019-05-10,002346,12.91,13.3,13.37,12.68,28690,37787814.0,5.35,3.18,0.41,0.73
2019-05-13,002346,13.13,13.75,13.88,13.04,34730,46886559.0,6.32,3.38,0.45,0.88
2019-05-14,002346,13.64,13.42,13.7,13.31,26158,35218843.0,2.84,-2.4,-0.33,0.66
2019-05-15,002346,13.49,13.59,13.76,13.46,21699,29494519.0,2.24,1.27,0.17,0.55
2019-05-16,002346,13.56,13.56,13.63,13.4,17562,23773241.0,1.69,-0.22,-0.03,0.45
2019-05-17,002346,13.57,12.92,13.63,12.4,27272,35768530.0,9.07,-4.72,-0.64,0.69
2019-05-20,002346,12.91,12.6,12.91,12.2,19689,24708010.0,5.5,-2.48,-0.32,0.5
2019-05-21,002346,12.97,13.86,13.86,12.94,37098,50938643.0,7.3,10.0,1.26,0.94
2019-05-22,002346,13.98,13.88,14.69,13.85,84862,120540911.0,6.06,0.14,0.02,2.15
2019-05-23,002346,13.61,14.12,14.49,13.47,64512,90564144.0,7.35,1.73,0.24,1.63
2019-05-24,002346,13.87,13.51,14.1,13.5,40387,55302609.0,4.25,-4.32,-0.61,1.02
2019-05-27,002346,13.12,13.69,13.79,13.12,25835,35116496.0,4.96,1.33,0.18,0.65
2019-05-28,002346,13.69,14.18,14.77,13.65,61090,87167818.0,8.18,3.58,0.49,1.55
2019-05-29,002346,14.09,14.18,14.3,13.7,39031,54775098.0,4.23,0.0,0.0,0.99
2019-05-30,002346,14.06,14.09,14.15,13.76,29797,41528848.0,2.75,-0.63,-0.09,0.76
2019-05-31,002346,14.19,13.86,14.25,13.83,25627,35895293.0,2.98,-1.63,-0.23,0.65
2019-06-03,002346,13.87,14.16,14.18,13.7,30919,43192527.0,3.46,2.16,0.3,0.78
2019-06-04,002346,13.95,13.3,14.07,13.25,36910,50205027.0,5.79,-6.07,-0.86,0.94
2019-06-05,002346,13.49,13.15,13.62,13.1,21387,28601805.0,3.91,-1.13,-0.15,0.54
2019-06-06,002346,13.35,13.15,13.35,12.78,21346,27774488.0,4.33,0.0,0.0,0.54
2019-06-10,002346,13.15,13.27,13.36,12.9,20069,26355167.0,3.5,0.91,0.12,0.51
2019-06-11,002346,13.3,13.83,13.96,13.1,28120,38239386.0,6.48,4.22,0.56,0.71
2019-06-12,002346,13.75,13.66,13.86,13.55,23592,32290861.0,2.24,-1.23,-0.17,0.6
2019-06-13,002346,13.65,13.55,13.66,13.26,19167,25840773.0,2.93,-0.81,-0.11,0.49
2019-06-14,002346,13.55,12.98,13.62,12.95,20255,26799666.0,4.94,-4.21,-0.57,0.51
2019-06-17,002346,12.88,13.09,13.34,12.88,12779,16797991.0,3.54,0.85,0.11,0.32
2019-06-18,002346,13.1,12.99,13.18,12.95,10389,13572184.0,1.76,-0.76,-0.1,0.26
2019-06-19,002346,13.35,13.19,13.55,13.15,14484,19231789.0,3.08,1.54,0.2,0.37
2019-06-20,002346,13.23,13.3,13.35,13.02,19782,26119712.0,2.5,0.83,0.11,0.5
2019-06-21,002346,13.33,13.47,13.64,13.33,21888,29470182.0,2.33,1.28,0.17,0.55
2019-06-24,002346,13.44,13.16,13.44,13.05,24634,32658153.0,2.9,-2.3,-0.31,0.62
2019-06-25,002346,13.09,13.28,13.34,13.05,22648,29859626.0,2.2,0.91,0.12,0.57
2019-06-26,002346,13.19,13.11,13.28,13.1,12845,16931706.0,1.36,-1.28,-0.17,0.33
2019-06-27,002346,13.11,13.1,13.25,13.06,15005,19708139.0,1.45,-0.08,-0.01,0.38
2019-06-28,002346,13.23,12.98,13.23,12.92,12590,16435714.0,2.37,-0.92,-0.12,0.32
2019-07-01,002346,13.19,13.3,13.37,13.19,21502,28574191.0,1.39,2.47,0.32,0.54
2019-07-02,002346,13.21,13.36,13.54,13.21,23808,31970925.0,2.48,0.45,0.06,0.6
2019-07-03,002346,13.38,13.36,13.53,13.23,16791,22525431.0,2.25,0.0,0.0,0.43
2019-07-04,002346,13.45,13.35,13.45,13.26,15825,21134183.0,1.42,-0.07,-0.01,0.4
2019-07-05,002346,13.15,13.12,13.19,12.95,21779,28455096.0,1.8,-1.72,-0.23,0.55
2019-07-08,002346,13.01,12.7,13.15,12.7,16159,20736052.0,3.43,-3.2,-0.42,0.41
2019-07-09,002346,12.6,12.18,12.7,12.02,31352,38359593.0,5.35,-4.09,-0.52,0.79
2019-07-10,002346,12.29,12.14,12.29,12.0,15744,19054949.0,2.38,-0.33,-0.04,0.4
2019-07-11,002346,12.08,12.16,12.24,12.08,9308,11321936.0,1.32,0.16,0.02,0.24
2019-07-12,002346,12.15,12.03,12.17,11.8,12432,14892581.0,3.04,-1.07,-0.13,0.32
2019-07-15,002346,12.15,12.12,12.18,11.93,10926,13205788.0,2.08,0.75,0.09,0.28
2019-07-16,002346,12.15,12.23,12.37,12.1,15263,18666073.0,2.23,0.91,0.11,0.39
2019-07-17,002346,12.37,12.26,12.37,12.15,9028,11073298.0,1.8,0.25,0.03,0.23
2019-07-18,002346,12.15,12.05,12.28,12.04,7678,9338048.0,1.96,-1.71,-0.21,0.19
2019-07-19,002346,12.04,12.21,12.25,12.04,9567,11652573.0,1.74,1.33,0.16,0.24
2019-07-22,002346,11.83,11.57,12.06,11.57,13011,15260378.0,4.01,-5.24,-0.64,0.33
2019-07-23,002346,11.77,11.62,11.77,11.53,9858,11460028.0,2.07,0.43,0.05,0.25
2019-07-24,002346,11.77,11.81,11.98,11.58,9983,11823637.0,3.44,1.64,0.19,0.25
2019-07-25,002346,11.93,11.78,11.94,11.74,9457,11198333.0,1.69,-0.25,-0.03,0.24
2019-07-26,002346,11.84,11.86,11.88,11.66,9610,11333207.0,1.87,0.68,0.08,0.24
2019-07-29,002346,11.86,11.76,11.92,11.71,9781,11501231.0,1.77,-0.84,-0.1,0.25
2019-07-30,002346,11.75,11.82,11.95,11.75,10399,12338437.0,1.7,0.51,0.06,0.26
2019-07-31,002346,11.82,11.73,11.92,11.71,8263,9731868.0,1.78,-0.76,-0.09,0.21
2019-08-01,002346,11.73,11.58,11.81,11.57,9482,11045772.0,2.05,-1.28,-0.15,0.24
2019-08-02,002346,11.53,11.24,11.53,11.15,13603,15348259.0,3.28,-2.94,-0.34,0.34
2019-08-05,002346,11.35,11.32,11.38,11.12,12739,14370348.0,2.31,0.71,0.08,0.32
2019-08-06,002346,11.04,10.88,11.2,10.69,16599,18186983.0,4.51,-3.89,-0.44,0.42
2019-08-07,002346,10.98,10.99,11.1,10.9,11881,13032652.0,1.84,1.01,0.11,0.3
2019-08-08,002346,11.0,11.3,11.34,11.0,21106,23669541.0,3.09,2.82,0.31,0.53
2019-08-09,002346,11.35,11.57,11.69,11.28,29037,33395194.0,3.63,2.39,0.27,0.74
2019-08-12,002346,11.7,11.42,11.72,11.22,22806,25915419.0,4.32,-1.3,-0.15,0.58
2019-08-13,002346,11.24,11.26,11.37,11.11,12234,13700365.0,2.28,-1.4,-0.16,0.31
2019-08-14,002346,11.45,11.29,11.45,11.15,19896,22479303.0,2.66,0.27,0.03,0.5
2019-08-15,002346,10.78,11.09,11.2,10.7,9709,10735512.0,4.43,-1.77,-0.2,0.25
2019-08-16,002346,11.11,11.08,11.28,11.05,16784,18708968.0,2.07,-0.09,-0.01,0.43
2019-08-19,002346,11.15,11.31,11.34,11.09,19096,21441989.0,2.26,2.08,0.23,0.48
2019-08-20,002346,11.29,12.44,12.44,11.21,33712,40387819.0,10.88,9.99,1.13,0.85
2019-08-21,002346,13.5,12.66,13.68,12.59,132537,174404416.0,8.76,1.77,0.22,3.36
2019-08-22,002346,13.39,12.41,13.39,12.18,77993,98376386.0,9.56,-1.97,-0.25,1.98
2019-08-23,002346,12.27,12.05,12.36,12.0,44967,54437826.0,2.9,-2.9,-0.36,1.14
2019-08-26,002346,11.69,11.8,11.91,11.6,26246,30940475.0,2.57,-2.07,-0.25,0.67
2019-08-27,002346,11.83,11.93,12.05,11.83,27878,33298399.0,1.86,1.1,0.13,0.71
2019-08-28,002346,11.99,11.75,11.99,11.72,21750,25707046.0,2.26,-1.51,-0.18,0.55
2019-08-29,002346,11.87,12.15,12.68,11.87,49648,60879756.0,6.89,3.4,0.4,1.26
2019-08-30,002346,12.15,11.78,12.15,11.73,29305,34841710.0,3.46,-3.05,-0.37,0.74
2019-09-02,002346,11.75,11.98,11.99,11.71,19328,23008876.0,2.38,1.7,0.2,0.49
2019-09-03,002346,12.07,12.13,12.17,11.94,23719,28579258.0,1.92,1.25,0.15,0.6
2019-09-04,002346,12.12,12.03,12.12,11.91,19228,23073862.0,1.73,-0.82,-0.1,0.49
2019-09-05,002346,12.13,12.34,12.9,12.02,53874,66790858.0,7.32,2.58,0.31,1.37
2019-09-06,002346,12.34,12.36,12.55,12.2,25479,31469508.0,2.84,0.16,0.02,0.65
2019-09-09,002346,12.42,12.51,12.52,12.32,27359,34028223.0,1.62,1.21,0.15,0.69
2019-09-10,002346,12.57,12.46,12.57,12.32,21865,27144274.0,2.0,-0.4,-0.05,0.55
2019-09-11,002346,12.5,12.44,12.65,12.44,23912,29975228.0,1.69,-0.16,-0.02,0.61
2019-09-12,002346,12.4,12.38,12.54,12.31,16929,20946402.0,1.85,-0.48,-0.06,0.43
2019-09-16,002346,12.38,12.43,12.5,12.32,15973,19838160.0,1.45,0.4,0.05,0.4
2019-09-17,002346,12.38,12.05,12.45,12.01,23452,28534365.0,3.54,-3.06,-0.38,0.59
2019-09-18,002346,12.14,12.08,12.17,12.05,10108,12246157.0,1.0,0.25,0.03,0.26
2019-09-19,002346,12.12,12.15,12.16,11.9,15336,18451822.0,2.15,0.58,0.07,0.39
2019-09-20,002346,12.11,12.4,12.6,12.11,31868,39542652.0,4.03,2.06,0.25,0.81
2019-09-23,002346,12.32,12.45,12.49,12.27,22036,27307727.0,1.77,0.4,0.05,0.56
2019-09-24,002346,12.46,12.29,12.55,12.26,22914,28271530.0,2.33,-1.29,-0.16,0.58
2019-09-25,002346,12.24,11.84,12.24,11.83,24389,29171111.0,3.34,-3.66,-0.45,0.62
2019-09-26,002346,11.96,11.36,11.96,11.36,15484,17965790.0,5.07,-4.05,-0.48,0.39
2019-09-27,002346,11.32,11.5,11.68,11.32,10132,11701588.0,3.17,1.23,0.14,0.26
2019-09-30,002346,11.59,11.44,11.59,11.38,6047,6947126.0,1.83,-0.52,-0.06,0.15
2019-10-08,002346,11.45,11.45,11.57,11.4,5734,6589966.0,1.49,0.09,0.01,0.15
2019-10-09,002346,11.44,11.67,11.68,11.21,7255,8340826.0,4.1,1.92,0.22,0.18
2019-10-10,002346,11.51,11.71,11.77,11.51,7590,8873558.0,2.23,0.34,0.04,0.19
2019-10-11,002346,11.79,11.7,11.79,11.63,7324,8576431.0,1.37,-0.09,-0.01,0.19
2019-10-14,002346,11.72,11.89,11.94,11.72,10318,12253129.0,1.88,1.62,0.19,0.26
2019-10-15,002346,11.72,11.96,12.07,11.72,15215,18159309.0,2.94,0.59,0.07,0.39
2019-10-16,002346,11.88,11.84,12.08,11.82,9369,11164296.0,2.17,-1.0,-0.12,0.24
2019-10-17,002346,11.83,11.71,11.94,11.68,7628,8968238.0,2.2,-1.1,-0.13,0.19
2019-10-18,002346,11.82,11.36,11.82,11.32,9882,11388999.0,4.27,-2.99,-0.35,0.25
2019-10-21,002346,11.44,11.73,11.74,11.37,10496,12174953.0,3.26,3.26,0.37,0.27
2019-10-22,002346,11.74,11.92,11.93,11.61,13661,16161004.0,2.73,1.62,0.19,0.35
2019-10-23,002346,11.85,11.67,11.95,11.64,12826,15128482.0,2.6,-2.1,-0.25,0.33
2019-10-24,002346,11.74,11.55,11.74,11.5,9643,11195893.0,2.06,-1.03,-0.12,0.24
2019-10-25,002346,11.52,11.63,11.69,11.48,7804,9035933.0,1.82,0.69,0.08,0.2
2019-10-28,002346,11.55,11.83,11.85,11.53,13068,15359615.0,2.75,1.72,0.2,0.33
2019-10-29,002346,11.83,11.64,11.83,11.64,8509,9988686.0,1.61,-1.61,-0.19,0.22
2019-10-30,002346,11.57,11.4,11.63,11.33,11890,13594665.0,2.58,-2.06,-0.24,0.3
2019-10-31,002346,11.34,11.2,11.49,11.15,9146,10349139.0,2.98,-1.75,-0.2,0.23
2019-11-01,002346,11.14,11.26,11.35,11.12,7434,8366280.0,2.05,0.54,0.06,0.19
2019-11-04,002346,11.3,11.08,11.36,11.04,14165,15813250.0,2.84,-1.6,-0.18,0.36
2019-11-05,002346,11.09,11.15,11.32,11.08,8571,9563304.0,2.17,0.63,0.07,0.22
2019-11-06,002346,11.09,10.93,11.22,10.87,13450,14774857.0,3.14,-1.97,-0.22,0.34
2019-11-07,002346,10.9,11.16,11.19,10.85,10736,11927340.0,3.11,2.1,0.23,0.27
2019-11-08,002346,11.2,11.19,11.26,11.11,8310,9297699.0,1.34,0.27,0.03,0.21
2019-11-11,002346,11.18,10.91,11.18,10.83,8267,9037571.0,3.13,-2.5,-0.28,0.21
2019-11-12,002346,11.03,10.95,11.03,10.81,7334,7983779.0,2.02,0.37,0.04,0.19
2019-11-13,002346,11.03,10.85,11.03,10.82,4178,4548319.0,1.92,-0.91,-0.1,0.11
2019-11-14,002346,10.95,10.83,10.95,10.78,5149,5581739.0,1.57,-0.18,-0.02,0.13
2019-11-15,002346,10.75,10.56,10.89,10.53,10825,11509156.0,3.32,-2.49,-0.27,0.27
2019-11-18,002346,10.56,10.64,10.68,10.5,5789,6136519.0,1.7,0.76,0.08,0.15
2019-11-19,002346,10.63,10.95,10.95,10.61,9069,9824399.0,3.2,2.91,0.31,0.23
2019-11-20,002346,11.02,10.78,11.02,10.78,6747,7324638.0,2.19,-1.55,-0.17,0.17
2019-11-21,002346,10.75,10.7,10.87,10.65,6510,7008903.0,2.04,-0.74,-0.08,0.16
2019-11-22,002346,10.81,10.64,10.93,10.62,6790,7300891.0,2.9,-0.56,-0.06,0.17
2019-11-25,002346,10.7,10.7,10.75,10.59,5227,5572168.0,1.5,0.56,0.06,0.13
2019-11-26,002346,10.7,10.82,10.95,10.7,7472,8099781.0,2.34,1.12,0.12,0.19
2019-11-27,002346,10.75,10.73,10.85,10.65,4386,4704105.0,1.85,-0.83,-0.09,0.11
2019-11-28,002346,10.8,10.76,10.84,10.71,4846,5221893.0,1.21,0.28,0.03,0.12
2019-11-29,002346,10.68,10.82,10.92,10.68,4555,4911822.0,2.23,0.56,0.06,0.12
2019-12-02,002346,10.88,10.84,10.94,10.82,6092,6625102.0,1.11,0.18,0.02,0.15
2019-12-03,002346,10.84,10.83,10.89,10.7,4129,4454544.0,1.75,-0.09,-0.01,0.1
2019-12-04,002346,10.83,10.74,10.86,10.72,5461,5876057.0,1.29,-0.83,-0.09,0.14
2019-12-05,002346,10.76,10.89,10.91,10.73,8657,9382267.0,1.68,1.4,0.15,0.22
2019-12-06,002346,10.82,10.89,10.99,10.8,7396,8042077.0,1.74,0.0,0.0,0.19
2019-12-09,002346,10.93,11.01,11.02,10.85,11486,12580362.0,1.56,1.1,0.12,0.29
2019-12-10,002346,11.02,11.07,11.08,10.9,10023,10997404.0,1.63,0.54,0.06,0.25
2019-12-11,002346,11.08,10.96,11.08,10.9,7614,8340728.0,1.63,-0.99,-0.11,0.19
2019-12-12,002346,10.92,10.87,10.96,10.78,8448,9187538.0,1.64,-0.82,-0.09,0.21
2019-12-13,002346,10.9,11.01,11.03,10.88,9143,10023339.0,1.38,1.29,0.14,0.23
2019-12-16,002346,11.01,11.06,11.07,10.89,12618,13852419.0,1.63,0.45,0.05,0.32
2019-12-17,002346,11.01,11.15,11.19,11.01,14613,16249871.0,1.63,0.81,0.09,0.37
2019-12-18,002346,11.15,11.12,11.23,11.0,15278,16982260.0,2.06,-0.27,-0.03,0.39
2019-12-19,002346,11.15,11.27,11.29,11.05,15353,17155034.0,2.16,1.35,0.15,0.39
2019-12-20,002346,11.27,11.11,11.4,11.11,16345,18427922.0,2.57,-1.42,-0.16,0.41
2019-12-23,002346,11.08,10.92,11.14,10.91,14314,15790859.0,2.07,-1.71,-0.19,0.36
2019-12-24,002346,10.87,11.3,11.48,10.87,22847,25736296.0,5.59,3.48,0.38,0.58
2019-12-25,002346,11.35,11.31,11.36,11.16,14475,16298751.0,1.77,0.09,0.01,0.37
2019-12-26,002346,11.24,11.32,11.42,11.24,10983,12447240.0,1.59,0.09,0.01,0.28
2019-12-27,002346,11.4,11.27,11.43,11.25,13711,15561160.0,1.59,-0.44,-0.05,0.35
2019-12-30,002346,10.98,11.23,11.34,10.98,9175,10272850.0,3.19,-0.35,-0.04,0.23
2019-12-31,002346,11.22,11.24,11.35,11.2,5631,6333342.0,1.34,0.09,0.01,0.14
2020-01-02,002346,11.31,11.36,11.38,11.27,12761,14480021.0,0.98,1.07,0.12,0.32
2020-01-03,002346,11.35,11.33,11.43,11.26,11485,13020653.0,1.5,-0.26,-0.03,0.29
2020-01-06,002346,11.33,11.41,11.46,11.15,17283,19650617.0,2.74,0.71,0.08,0.44
2020-01-07,002346,11.38,11.49,11.5,11.38,17400,19920014.0,1.05,0.7,0.08,0.44
2020-01-08,002346,11.4,11.35,11.68,11.34,25429,29231632.0,2.96,-1.22,-0.14,0.64
2020-01-09,002346,11.4,11.45,11.52,11.34,14070,16066755.0,1.59,0.88,0.1,0.36
2020-01-10,002346,11.44,11.3,11.5,11.28,12216,13859392.0,1.92,-1.31,-0.15,0.31
2020-01-13,002346,11.31,11.31,11.37,11.2,12932,14575633.0,1.5,0.09,0.01,0.33
2020-01-14,002346,11.36,12.44,12.44,11.28,45308,55251102.0,10.26,9.99,1.13,1.15
2020-01-15,002346,12.13,12.71,13.55,11.73,122868,152773034.0,14.63,2.17,0.27,3.11
2020-01-16,002346,12.32,12.57,13.12,12.31,80555,102277724.0,6.37,-1.1,-0.14,2.04
2020-01-17,002346,12.39,12.81,13.0,12.36,71835,91840636.0,5.09,1.91,0.24,1.82
2020-01-20,002346,12.88,13.55,13.88,12.8,81650,109671929.0,8.43,5.78,0.74,2.07
2020-01-21,002346,13.51,12.81,13.51,12.8,60167,78974445.0,5.24,-5.46,-0.74,1.52
2020-01-22,002346,12.55,12.32,12.58,12.02,51718,63837541.0,4.37,-3.83,-0.49,1.31
2020-01-23,002346,12.11,11.95,12.8,11.81,36544,44637443.0,8.04,-3.0,-0.37,0.93
2020-02-03,002346,10.76,10.76,10.76,10.76,4247,4569772.0,0.0,-9.96,-1.19,0.11
2020-02-04,002346,9.68,10.24,10.45,9.68,54851,55787844.0,7.16,-4.83,-0.52,1.39
2020-02-05,002346,10.12,10.37,10.68,10.12,38564,40389004.0,5.47,1.27,0.13,0.98
2020-02-06,002346,10.44,10.48,10.63,10.22,43356,45043224.0,3.95,1.06,0.11,1.1
2020-02-07,002346,10.49,10.45,10.61,10.26,32251,33547223.0,3.34,-0.29,-0.03,0.82
2020-02-10,002346,10.49,10.92,10.98,10.31,40014,43189422.0,6.41,4.5,0.47,1.01
2020-02-11,002346,10.93,10.74,11.11,10.68,24167,26035514.0,3.94,-1.65,-0.18,0.61
2020-02-12,002346,10.69,10.92,11.01,10.69,30361,33020021.0,2.98,1.68,0.18,0.77
2020-02-13,002346,10.92,10.84,11.02,10.8,27441,29884073.0,2.01,-0.73,-0.08,0.7
2020-02-14,002346,10.8,10.79,10.9,10.67,23136,24945889.0,2.12,-0.46,-0.05,0.59
2020-02-17,002346,10.79,11.15,11.17,10.79,37382,41205508.0,3.52,3.34,0.36,0.95
2020-02-18,002346,12.11,11.47,12.11,11.41,51619,60028693.0,6.28,2.87,0.32,1.31
2020-02-19,002346,11.65,11.64,11.79,11.47,45027,52277087.0,2.79,1.48,0.17,1.14
2020-02-20,002346,11.54,11.85,11.97,11.54,43548,51317992.0,3.69,1.8,0.21,1.1
2020-02-21,002346,11.86,11.99,12.06,11.65,44363,52621252.0,3.46,1.18,0.14,1.12
2020-02-24,002346,11.82,11.91,11.96,11.76,32608,38744945.0,1.67,-0.67,-0.08,0.83
2020-02-25,002346,11.58,11.57,11.7,11.12,47583,54586456.0,4.87,-2.85,-0.34,1.21
2020-02-26,002346,11.52,11.42,11.71,11.36,32160,37058440.0,3.03,-1.3,-0.15,0.81
2020-02-27,002346,11.55,11.58,11.64,11.18,25959,29814689.0,4.03,1.4,0.16,0.66
2020-02-28,002346,11.3,10.51,11.3,10.49,42106,46073391.0,6.99,-9.24,-1.07,1.07
2020-03-02,002346,10.75,11.06,11.09,10.75,25494,27961233.0,3.24,5.23,0.55,0.65
2020-03-03,002346,11.13,11.13,11.39,11.02,29162,32745014.0,3.35,0.63,0.07,0.74
2020-03-04,002346,10.99,11.22,11.25,10.93,22015,24448800.0,2.88,0.81,0.09,0.56
2020-03-05,002346,11.5,12.34,12.34,11.43,103424,124745368.0,8.11,9.98,1.12,2.62
2020-03-06,002346,12.31,11.87,12.31,11.83,101345,121912254.0,3.89,-3.81,-0.47,2.57
2020-03-09,002346,11.65,13.06,13.06,11.65,152814,195353867.0,11.88,10.03,1.19,3.87
2020-03-10,002346,12.85,13.33,13.5,12.12,180064,230686996.0,10.57,2.07,0.27,4.56
2020-03-11,002346,12.99,12.88,13.86,12.82,131728,173717023.0,7.8,-3.38,-0.45,3.34
2020-03-12,002346,12.35,12.12,12.65,12.07,78117,95826524.0,4.5,-5.9,-0.76,1.98
2020-03-13,002346,11.4,12.16,12.5,11.35,63960,76604122.0,9.49,0.33,0.04,1.62
2020-03-16,002346,12.29,11.3,12.53,11.18,67448,80279179.0,11.1,-7.07,-0.86,1.71
2020-03-17,002346,11.48,11.05,11.6,10.7,55696,61282653.0,7.96,-2.21,-0.25,1.41
2020-03-18,002346,11.09,10.87,11.33,10.87,48752,54214636.0,4.16,-1.63,-0.18,1.24
2020-03-19,002346,10.74,10.85,11.03,10.0,44222,47214540.0,9.48,-0.18,-0.02,1.12
2020-03-20,002346,11.0,10.92,11.06,10.71,28209,30690359.0,3.23,0.65,0.07,0.71
2020-03-23,002346,10.71,10.38,10.84,10.35,25496,26990189.0,4.49,-4.95,-0.54,0.65
2020-03-24,002346,10.6,10.65,10.7,10.22,21728,22819915.0,4.62,2.6,0.27,0.55
2020-03-25,002346,10.88,10.85,11.1,10.75,25795,28065641.0,3.29,1.88,0.2,0.65
2020-03-26,002346,10.86,10.85,11.2,10.83,28203,30959760.0,3.41,0.0,0.0,0.71
2020-03-27,002346,10.96,10.82,11.08,10.82,19339,21106171.0,2.4,-0.28,-0.03,0.49
2020-03-30,002346,10.65,10.34,10.65,10.18,21950,22782420.0,4.34,-4.44,-0.48,0.56
2020-03-31,002346,10.5,10.3,10.61,10.3,14058,14611390.0,3.0,-0.39,-0.04,0.36
2020-04-01,002346,10.3,10.33,10.45,10.25,12816,13272267.0,1.94,0.29,0.03,0.32
2020-04-02,002346,10.18,10.5,10.51,10.18,14070,14632607.0,3.19,1.65,0.17,0.36
2020-04-03,002346,10.41,10.45,10.65,10.41,13658,14336218.0,2.29,-0.48,-0.05,0.35
2020-04-07,002346,10.63,10.77,10.87,10.63,19542,20992930.0,2.3,3.06,0.32,0.5
2020-04-08,002346,10.74,10.87,10.95,10.71,18593,20194591.0,2.23,0.93,0.1,0.47
2020-04-09,002346,10.87,10.94,11.15,10.87,19247,21177453.0,2.58,0.64,0.07,0.49
2020-04-10,002346,10.9,10.63,10.95,10.58,17142,18362958.0,3.38,-2.83,-0.31,0.43
2020-04-13,002346,10.49,10.43,10.59,10.41,12377,12970660.0,1.69,-1.88,-0.2,0.31
2020-04-14,002346,10.48,10.7,10.75,10.48,11200,11909550.0,2.59,2.59,0.27,0.28
2020-04-15,002346,10.62,10.57,10.78,10.5,17597,18687040.0,2.62,-1.21,-0.13,0.45
2020-04-16,002346,10.5,10.31,10.5,10.24,26466,27365499.0,2.46,-2.46,-0.26,0.67
2020-04-17,002346,10.35,10.36,10.5,10.34,16283,16920340.0,1.55,0.48,0.05,0.41
2020-04-20,002346,10.36,10.55,10.59,10.36,15659,16403255.0,2.22,1.83,0.19,0.4
2020-04-21,002346,10.5,10.37,10.5,10.3,15630,16164319.0,1.9,-1.71,-0.18,0.4
2020-04-22,002346,10.27,10.42,10.43,10.13,10758,11121645.0,2.89,0.48,0.05,0.27
2020-04-23,002346,10.42,10.2,10.51,10.1,17716,18221189.0,3.93,-2.11,-0.22,0.45
2020-04-24,002346,10.2,9.99,10.23,9.97,17171,17302153.0,2.55,-2.06,-0.21,0.44
2020-04-27,002346,9.92,10.02,10.15,9.92,8599,8661110.0,2.3,0.3,0.03,0.22
2020-04-28,002346,10.1,9.7,10.19,9.32,14557,14167754.0,8.68,-3.19,-0.32,0.37
2020-04-29,002346,9.7,9.85,10.2,9.58,10782,10743525.0,6.39,1.55,0.15,0.27
2020-04-30,002346,9.86,9.97,10.08,9.85,10790,10740934.0,2.34,1.22,0.12,0.27
2020-05-06,002346,9.97,10.14,10.15,9.86,10979,11033565.0,2.91,1.71,0.17,0.28
2020-05-07,002346,10.19,10.07,10.2,10.03,10698,10808093.0,1.68,-0.69,-0.07,0.27
2020-05-08,002346,10.08,10.17,10.21,10.08,10663,10850106.0,1.29,0.99,0.1,0.27
2020-05-11,002346,10.03,10.15,10.25,10.03,10219,10373640.0,2.16,-0.2,-0.02,0.26
2020-05-12,002346,10.17,10.2,10.2,10.02,11157,11290007.0,1.77,0.49,0.05,0.28
2020-05-13,002346,10.2,10.2,10.22,10.11,11379,11591850.0,1.08,0.0,0.0,0.29
2020-05-14,002346,10.15,10.05,10.2,10.03,7988,8078879.0,1.67,-1.47,-0.15,0.2
2020-05-15,002346,10.05,10.02,10.17,9.98,6900,6936608.0,1.89,-0.3,-0.03,0.17
2020-05-18,002346,10.01,10.21,10.47,9.99,18360,18813106.0,4.79,1.9,0.19,0.47
2020-05-19,002346,10.2,10.24,10.33,10.2,11168,11438208.0,1.27,0.29,0.03,0.28
2020-05-20,002346,10.28,10.28,10.4,10.26,14792,15307807.0,1.37,0.39,0.04,0.37
2020-05-21,002346,10.29,10.47,10.64,10.28,25165,26401685.0,3.5,1.85,0.19,0.64
2020-05-22,002346,10.37,9.94,10.4,9.9,21563,21800117.0,4.78,-5.06,-0.53,0.55
2020-05-25,002346,9.86,10.0,10.08,9.74,10867,10728090.0,3.42,0.6,0.06,0.28
2020-05-26,002346,10.0,9.98,10.08,9.91,9910,9900711.0,1.7,-0.2,-0.02,0.25
2020-05-27,002346,9.98,9.9,10.02,9.87,8395,8329330.0,1.5,-0.8,-0.08,0.21
2020-05-28,002346,10.0,9.89,10.0,9.75,8895,8780559.0,2.53,-0.1,-0.01,0.23
2020-05-29,002346,9.87,9.84,9.92,9.75,7177,7056702.0,1.72,-0.51,-0.05,0.18
2020-06-01,002346,9.84,10.06,10.16,9.84,14045,14075191.0,3.25,2.24,0.22,0.36
2020-06-02,002346,10.16,10.32,10.49,10.08,22103,22857806.0,4.08,2.58,0.26,0.56
2020-06-03,002346,10.3,10.21,10.41,10.13,15649,16006277.0,2.71,-1.07,-0.11,0.4
2020-06-04,002346,10.21,10.25,10.4,10.19,12580,12956785.0,2.06,0.39,0.04,0.32
2020-06-05,002346,10.2,10.35,10.43,10.12,16842,17294790.0,3.02,0.98,0.1,0.43
2020-06-08,002346,10.32,10.65,10.79,10.32,35592,37748774.0,4.54,2.9,0.3,0.9
2020-06-09,002346,10.5,10.45,10.83,10.29,37371,39393436.0,5.07,-1.88,-0.2,0.95
2020-06-10,002346,10.66,10.55,11.3,10.51,43609,47247616.0,7.56,0.96,0.1,1.11
2020-06-11,002346,10.77,10.32,10.89,10.27,29498,30974113.0,5.88,-2.18,-0.23,0.75
2020-06-12,002346,10.0,10.1,10.33,9.94,17020,17237598.0,3.78,-2.13,-0.22,0.43
2020-06-15,002346,10.02,10.07,10.22,10.02,12798,12903138.0,1.98,-0.3,-0.03,0.32
2020-06-16,002346,10.05,10.09,10.22,10.05,11489,11604154.0,1.69,0.2,0.02,0.29
2020-06-17,002346,10.08,9.98,10.13,9.8,25078,24904074.0,3.27,-1.09,-0.11,0.64
2020-06-18,002346,9.85,9.91,10.02,9.81,11265,11161430.0,2.1,-0.7,-0.07,0.29
2020-06-19,002346,10.0,9.95,10.0,9.85,9565,9501778.0,1.51,0.4,0.04,0.24
2020-06-22,002346,9.95,9.9,9.97,9.88,11709,11609523.0,0.9,-0.5,-0.05,0.3
2020-06-23,002346,9.91,9.81,9.91,9.81,9122,8980571.0,1.01,-0.91,-0.09,0.23
2020-06-24,002346,9.81,9.84,9.88,9.81,6267,6159442.0,0.71,0.31,0.03,0.16
2020-06-29,002346,9.82,9.72,9.84,9.69,7874,7678579.0,1.52,-1.22,-0.12,0.2
2020-06-30,002346,9.75,9.83,9.87,9.73,7182,7051974.0,1.44,1.13,0.11,0.18
2020-07-01,002346,9.83,9.79,9.93,9.0,19097,18452667.0,9.46,-0.41,-0.04,0.48
2020-07-02,002346,9.8,9.75,9.8,9.66,16193,15744977.0,1.43,-0.41,-0.04,0.41
2020-07-03,002346,9.77,9.83,9.85,9.7,16543,16216659.0,1.54,0.82,0.08,0.42
2020-07-06,002346,9.84,10.19,10.29,9.84,36421,36708846.0,4.58,3.66,0.36,0.92
2020-07-07,002346,10.21,10.27,10.42,10.09,32946,33810244.0,3.24,0.79,0.08,0.83
2020-07-08,002346,10.23,10.41,10.44,10.21,31219,32346017.0,2.24,1.36,0.14,0.79
2020-07-09,002346,10.43,10.59,10.65,10.3,40619,42544154.0,3.36,1.73,0.18,1.03
2020-07-10,002346,10.55,10.66,10.9,10.45,42056,44824039.0,4.25,0.66,0.07,1.07
2020-07-13,002346,10.54,10.89,10.99,10.53,41996,45500168.0,4.32,2.16,0.23,1.06
2020-07-14,002346,10.9,10.7,11.11,10.55,39732,42761552.0,5.14,-1.74,-0.19,1.01
2020-07-15,002346,10.7,10.44,10.9,10.35,37487,39596801.0,5.14,-2.43,-0.26,0.95
2020-07-16,002346,10.51,10.08,10.54,10.05,30202,31083651.0,4.69,-3.45,-0.36,0.77
2020-07-17,002346,10.11,10.09,10.19,9.91,18313,18425114.0,2.78,0.1,0.01,0.46
2020-07-20,002346,10.1,10.44,10.5,10.1,18701,19370203.0,3.96,3.47,0.35,0.47
2020-07-21,002346,10.38,10.51,10.83,10.38,20351,21532160.0,4.31,0.67,0.07,0.52
2020-07-22,002346,10.69,10.5,10.69,10.45,18281,19288960.0,2.28,-0.1,-0.01,0.46
2020-07-23,002346,10.42,10.33,10.48,10.11,20911,21532269.0,3.52,-1.62,-0.17,0.53
2020-07-24,002346,10.33,10.1,10.67,10.06,26579,27511825.0,5.91,-2.23,-0.23,0.67
2020-07-27,002346,10.08,10.06,10.13,9.86,14502,14468632.0,2.67,-0.4,-0.04,0.37
2020-07-28,002346,10.09,10.18,10.35,10.08,12445,12677284.0,2.68,1.19,0.12,0.32
2020-07-29,002346,10.15,10.32,10.33,10.0,15149,15465874.0,3.24,1.38,0.14,0.38
2020-07-30,002346,10.4,10.26,10.43,10.21,14702,15141599.0,2.13,-0.58,-0.06,0.37
2020-07-31,002346,10.18,10.39,10.44,10.18,20527,21254025.0,2.53,1.27,0.13,0.52
2020-08-03,002346,10.39,10.59,10.6,10.38,21836,23032983.0,2.12,1.92,0.2,0.55
2020-08-04,002346,10.59,10.45,10.62,10.37,19138,20046431.0,2.36,-1.32,-0.14,0.48
2020-08-05,002346,10.5,10.58,10.62,10.33,26817,28199379.0,2.78,1.24,0.13,0.68
2020-08-06,002346,10.6,10.5,10.78,10.41,22436,23671549.0,3.5,-0.76,-0.08,0.57
2020-08-07,002346,10.5,10.36,10.53,10.16,19205,19841271.0,3.52,-1.33,-0.14,0.49
2020-08-10,002346,10.35,10.45,10.56,10.31,16525,17291046.0,2.41,0.87,0.09,0.42
2020-08-11,002346,10.42,11.5,11.5,10.42,172625,195653697.0,10.33,10.05,1.05,4.37
2020-08-12,002346,11.43,11.74,12.2,11.0,179961,207911606.0,10.43,2.09,0.24,4.56
2020-08-13,002346,11.49,11.51,12.04,11.36,97910,114032171.0,5.79,-1.96,-0.23,2.48
2020-08-14,002346,11.6,12.18,12.49,11.46,135279,162061941.0,8.95,5.82,0.67,3.43
2020-08-17,002346,11.95,12.04,12.42,11.71,103084,123736901.0,5.83,-1.15,-0.14,2.61
2020-08-18,002346,11.99,11.82,11.99,11.6,96438,113063348.0,3.24,-1.83,-0.22,2.44
2020-08-19,002346,11.7,11.6,11.85,11.5,61265,71308163.0,2.96,-1.86,-0.22,1.55
2020-08-20,002346,11.62,11.77,12.2,11.41,83288,98845998.0,6.81,1.47,0.17,2.11
2020-08-21,002346,11.71,11.27,11.73,11.25,71967,82493628.0,4.08,-4.25,-0.5,1.82
2020-08-24,002346,11.18,11.46,11.49,11.12,38065,43218053.0,3.28,1.69,0.19,0.96
2020-08-25,002346,11.33,11.25,11.51,11.16,40512,45859644.0,3.05,-1.83,-0.21,1.03
2020-08-26,002346,11.17,11.26,11.44,11.11,34778,39162856.0,2.93,0.09,0.01,0.88
2020-08-27,002346,11.08,11.38,11.43,11.08,27072,30562466.0,3.11,1.07,0.12,0.69
2020-08-28,002346,11.38,11.5,11.58,11.26,27483,31467776.0,2.81,1.05,0.12,0.7
2020-08-31,002346,11.56,11.22,11.69,11.19,34748,39679698.0,4.35,-2.43,-0.28,0.88
2020-09-01,002346,11.19,11.3,11.3,11.08,17823,20022135.0,1.96,0.71,0.08,0.45
2020-09-02,002346,11.35,11.18,11.37,11.07,28721,32093331.0,2.65,-1.06,-0.12,0.73
2020-09-03,002346,11.21,11.5,11.69,11.16,45267,51996445.0,4.74,2.86,0.32,1.15
2020-09-04,002346,11.32,12.23,12.5,11.19,105903,126528697.0,11.39,6.35,0.73,2.68
2020-09-07,002346,12.23,11.87,12.39,11.71,75226,90606939.0,5.56,-2.94,-0.36,1.91
2020-09-08,002346,11.79,11.88,12.25,11.55,47145,55502947.0,5.9,0.08,0.01,1.19
2020-09-09,002346,11.66,11.36,11.76,11.35,42432,48944405.0,3.45,-4.38,-0.52,1.08
2020-09-10,002346,11.43,10.8,11.56,10.8,37340,41310742.0,6.69,-4.93,-0.56,0.95
2020-09-11,002346,10.8,10.9,11.03,10.7,21427,23351775.0,3.06,0.93,0.1,0.54
2020-09-14,002346,10.85,11.1,11.3,10.85,17235,18999096.0,4.13,1.83,0.2,0.44
2020-09-15,002346,11.01,11.02,11.28,10.97,16187,17941957.0,2.79,-0.72,-0.08,0.41
2020-09-16,002346,11.1,10.85,11.1,10.84,12690,13847736.0,2.36,-1.54,-0.17,0.32
2020-09-17,002346,10.8,10.86,10.95,10.64,16205,17476757.0,2.86,0.09,0.01,0.41
2020-09-18,002346,10.92,10.99,11.16,10.86,15336,16830847.0,2.76,1.2,0.13,0.39
2020-09-21,002346,10.96,10.95,11.1,10.86,11043,12091932.0,2.18,-0.36,-0.04,0.28
2020-09-22,002346,10.85,10.76,10.9,10.67,15861,17097408.0,2.1,-1.74,-0.19,0.4
2020-09-23,002346,10.81,10.78,10.95,10.72,8745,9433547.0,2.14,0.19,0.02,0.22
2020-09-24,002346,10.77,10.38,10.77,10.35,16212,17019645.0,3.9,-3.71,-0.4,0.41
2020-09-25,002346,10.46,10.23,10.5,10.12,11338,11658543.0,3.66,-1.45,-0.15,0.29
2020-09-28,002346,10.24,10.25,10.4,10.18,5994,6150145.0,2.15,0.2,0.02,0.15
2020-09-29,002346,10.35,10.26,10.37,10.22,6170,6352250.0,1.46,0.1,0.01,0.16
2020-09-30,002346,10.45,10.17,10.45,10.14,8794,9017986.0,3.02,-0.88,-0.09,0.22
2020-10-09,002346,10.29,10.42,10.44,10.28,8777,9099204.0,1.57,2.46,0.25,0.22
2020-10-12,002346,10.55,10.67,10.69,10.4,13924,14725250.0,2.78,2.4,0.25,0.35
2020-10-13,002346,10.68,10.53,10.69,10.52,11639,12302646.0,1.59,-1.31,-0.14,0.29
2020-10-14,002346,10.55,10.6,10.66,10.49,8791,9304733.0,1.61,0.66,0.07,0.22
2020-10-15,002346,10.54,10.61,10.74,10.53,10462,11135552.0,1.98,0.09,0.01,0.27
2020-10-16,002346,10.53,10.7,10.75,10.5,9274,9846181.0,2.36,0.85,0.09,0.24
2020-10-19,002346,10.7,10.46,10.78,10.46,11090,11748145.0,2.99,-2.24,-0.24,0.28
2020-10-20,002346,10.46,10.68,10.71,10.4,8963,9504006.0,2.96,2.1,0.22,0.23
2020-10-21,002346,10.68,10.65,10.72,10.55,7557,8019088.0,1.59,-0.28,-0.03,0.19
2020-10-22,002346,10.57,10.61,10.7,10.51,5918,6282528.0,1.78,-0.38,-0.04,0.15
2020-10-23,002346,10.7,10.49,10.75,10.4,7115,7499063.0,3.3,-1.13,-0.12,0.18
2020-10-26,002346,10.49,10.46,10.55,10.29,6861,7161163.0,2.48,-0.29,-0.03,0.17
2020-10-27,002346,10.46,10.5,10.84,10.21,24451,25645587.0,6.02,0.38,0.04,0.62
2020-10-28,002346,10.45,10.27,10.52,10.21,11770,12118172.0,2.95,-2.19,-0.23,0.3
2020-10-29,002346,10.15,10.2,10.36,10.12,8047,8252022.0,2.34,-0.68,-0.07,0.2
2020-10-30,002346,10.29,10.13,10.35,10.12,8812,9005650.0,2.25,-0.69,-0.07,0.22
2020-11-02,002346,10.02,10.13,10.24,10.01,8473,8557227.0,2.27,0.0,0.0,0.21
2020-11-03,002346,10.11,10.48,10.58,10.09,15460,16067881.0,4.84,3.46,0.35,0.39
2020-11-04,002346,10.44,10.33,10.62,10.33,7891,8211217.0,2.77,-1.43,-0.15,0.2
2020-11-05,002346,10.36,10.41,10.5,10.31,6107,6347160.0,1.84,0.77,0.08,0.15
2020-11-06,002346,10.39,10.32,10.42,10.24,6839,7050764.0,1.73,-0.86,-0.09,0.17
2020-11-09,002346,10.32,10.68,10.8,10.32,21124,22452475.0,4.65,3.49,0.36,0.54
2020-11-10,002346,10.66,11.1,11.14,10.56,33054,36167436.0,5.43,3.93,0.42,0.84
2020-11-11,002346,11.21,11.28,11.63,10.94,41007,46156616.0,6.22,1.62,0.18,1.04
2020-11-12,002346,11.28,11.24,11.38,11.02,20271,22789292.0,3.19,-0.35,-0.04,0.51
2020-11-13,002346,11.27,10.8,11.27,10.61,28984,31388641.0,5.87,-3.91,-0.44,0.73
2020-11-16,002346,10.69,10.85,10.94,10.62,12346,13260787.0,2.96,0.46,0.05,0.31
2020-11-17,002346,10.9,10.6,10.9,10.54,14214,15086733.0,3.32,-2.3,-0.25,0.36
2020-11-18,002346,10.8,10.47,10.8,10.44,15648,16456544.0,3.4,-1.23,-0.13,0.4
2020-11-19,002346,10.41,10.43,10.56,10.35,10699,11175728.0,2.01,-0.38,-0.04,0.27
2020-11-20,002346,10.4,10.44,10.55,10.4,8636,9017298.0,1.44,0.1,0.01,0.22
2020-11-23,002346,10.43,10.79,10.95,10.39,24322,26099677.0,5.36,3.35,0.35,0.62
2020-11-24,002346,10.79,10.84,10.95,10.71,15368,16645746.0,2.22,0.46,0.05,0.39
2020-11-25,002346,10.86,10.78,11.1,10.74,19706,21478424.0,3.32,-0.55,-0.06,0.5
2020-11-26,002346,10.72,10.92,10.97,10.72,13122,14276139.0,2.32,1.3,0.14,0.33
2020-11-27,002346,10.97,10.9,11.14,10.71,19195,20979029.0,3.94,-0.18,-0.02,0.49
2020-11-30,002346,10.95,10.66,10.99,10.59,16990,18326359.0,3.67,-2.2,-0.24,0.43
2020-12-01,002346,10.52,10.73,10.75,10.44,13130,13920114.0,2.91,0.66,0.07,0.33
2020-12-02,002346,10.68,10.93,10.95,10.6,20871,22574094.0,3.26,1.86,0.2,0.53
2020-12-03,002346,10.87,10.8,10.98,10.78,9120,9888634.0,1.83,-1.19,-0.13,0.23
2020-12-04,002346,10.8,11.07,11.09,10.65,21475,23569627.0,4.07,2.5,0.27,0.54
2020-12-07,002346,11.07,10.9,11.3,10.89,19890,21952436.0,3.7,-1.54,-0.17,0.5
2020-12-08,002346,11.0,10.89,11.0,10.8,9742,10603934.0,1.83,-0.09,-0.01,0.25
2020-12-09,002346,11.0,10.75,11.48,10.7,27681,30610351.0,7.16,-1.29,-0.14,0.7
2020-12-10,002346,10.66,10.42,10.75,10.35,18564,19518929.0,3.72,-3.07,-0.33,0.47
2020-12-11,002346,10.38,10.41,10.51,10.12,15466,15965200.0,3.74,-0.1,-0.01,0.39
2020-12-14,002346,10.4,10.44,10.53,10.36,5416,5652300.0,1.63,0.29,0.03,0.14
2020-12-15,002346,10.43,10.21,10.43,10.18,9375,9601313.0,2.39,-2.2,-0.23,0.24
2020-12-16,002346,10.23,10.35,10.56,10.18,8542,8847671.0,3.72,1.37,0.14,0.22
2020-12-17,002346,10.35,10.3,10.36,10.22,4972,5115577.0,1.35,-0.48,-0.05,0.13
2020-12-18,002346,10.3,10.4,10.43,10.3,4841,5010784.0,1.26,0.97,0.1,0.12
2020-12-21,002346,10.4,10.33,10.47,10.31,7125,7381820.0,1.54,-0.67,-0.07,0.18
2020-12-22,002346,10.29,10.07,10.32,10.07,9501,9679733.0,2.42,-2.52,-0.26,0.24
2020-12-23,002346,10.07,10.12,10.19,9.96,8161,8221984.0,2.28,0.5,0.05,0.21
2020-12-24,002346,10.08,9.97,10.09,9.92,8901,8884356.0,1.68,-1.48,-0.15,0.23
2020-12-25,002346,10.08,9.95,10.13,9.9,5891,5890138.0,2.31,-0.2,-0.02,0.15
2020-12-28,002346,10.0,9.27,10.0,9.19,29447,27501913.0,8.14,-6.83,-0.68,0.75
2020-12-29,002346,9.25,9.31,9.35,9.03,9178,8433182.0,3.45,0.43,0.04,0.23
2020-12-30,002346,9.27,9.32,9.47,9.24,7623,7124179.0,2.47,0.11,0.01,0.19
2020-12-31,002346,9.35,9.31,9.39,9.25,7907,7354062.0,1.5,-0.11,-0.01,0.2
2021-01-04,002346,9.28,9.4,9.42,9.25,7096,6642446.0,1.83,0.97,0.09,0.18
2021-01-05,002346,9.55,10.34,10.34,9.44,17821,18030771.0,9.57,10.0,0.94,0.45
2021-01-06,002346,10.8,10.18,10.8,10.18,37490,39336475.0,6.0,-1.55,-0.16,0.95
2021-01-07,002346,10.1,9.75,10.2,9.64,25155,24775302.0,5.5,-4.22,-0.43,0.64
2021-01-08,002346,9.66,9.64,9.84,9.46,11551,11168600.0,3.9,-1.13,-0.11,0.29
2021-01-11,002346,9.54,9.43,9.67,9.3,14107,13303070.0,3.84,-2.18,-0.21,0.36
2021-01-12,002346,9.53,9.37,9.53,9.31,6982,6562839.0,2.33,-0.64,-0.06,0.18
2021-01-13,002346,9.37,9.22,9.45,9.07,11286,10382788.0,4.06,-1.6,-0.15,0.29
2021-01-14,002346,9.22,9.19,9.25,9.07,8375,7673248.0,1.95,-0.33,-0.03,0.21
2021-01-15,002346,9.19,9.56,9.76,9.19,13295,12640004.0,6.2,4.03,0.37,0.34
2021-01-18,002346,9.51,9.49,9.58,9.37,12752,12048199.0,2.2,-0.73,-0.07,0.32
2021-01-19,002346,9.48,9.52,9.56,9.39,11275,10689648.0,1.79,0.32,0.03,0.29
2021-01-20,002346,9.51,9.43,9.51,9.41,6058,5718411.0,1.05,-0.95,-0.09,0.15
2021-01-21,002346,9.41,9.38,9.46,9.32,7303,6860523.0,1.48,-0.53,-0.05,0.19
2021-01-22,002346,9.4,9.47,9.54,9.32,9501,8963517.0,2.35,0.96,0.09,0.24
2021-01-25,002346,9.4,9.35,9.51,9.25,12539,11707935.0,2.75,-1.27,-0.12,0.32
2021-01-26,002346,9.35,9.49,9.78,9.24,11723,11126230.0,5.78,1.5,0.14,0.3
2021-01-27,002346,9.35,9.72,9.79,9.35,12323,11907801.0,4.64,2.42,0.23,0.31
2021-01-28,002346,9.45,9.62,9.95,9.45,13857,13532441.0,5.14,-1.03,-0.1,0.35
2021-01-29,002346,9.62,9.76,9.8,9.59,11702,11343008.0,2.18,1.46,0.14,0.3
2021-02-01,002346,9.97,9.82,10.26,9.8,14749,14742707.0,4.71,0.61,0.06,0.37
2021-02-02,002346,9.73,9.81,9.88,9.55,9841,9596902.0,3.36,-0.1,-0.01,0.25
2021-02-03,002346,9.81,9.53,9.82,9.51,8415,8129730.0,3.16,-2.85,-0.28,0.21
2021-02-04,002346,9.43,9.75,10.02,9.43,10820,10564817.0,6.19,2.31,0.22,0.27
2021-02-05,002346,9.88,9.85,9.88,9.61,6284,6108470.0,2.77,1.03,0.1,0.16
2021-02-08,002346,9.8,9.82,9.94,9.75,5192,5100778.0,1.93,-0.3,-0.03,0.13
2021-02-09,002346,9.89,9.83,9.9,9.74,6411,6286491.0,1.63,0.1,0.01,0.16
2021-02-10,002346,9.83,9.88,9.95,9.76,7115,7013000.0,1.93,0.51,0.05,0.18
2021-02-18,002346,9.96,10.1,10.17,9.92,11456,11503943.0,2.53,2.23,0.22,0.29
2021-02-19,002346,10.12,10.18,10.18,10.0,10839,10954747.0,1.78,0.79,0.08,0.27
2021-02-22,002346,10.19,10.18,10.34,10.17,14459,14837058.0,1.67,0.0,0.0,0.37
2021-02-23,002346,10.16,10.21,10.27,10.01,10003,10164809.0,2.55,0.29,0.03,0.25
2021-02-24,002346,10.15,10.03,10.21,10.01,9891,9996686.0,1.96,-1.76,-0.18,0.25
2021-02-25,002346,10.05,10.06,10.18,10.02,9128,9219790.0,1.6,0.3,0.03,0.23
2021-02-26,002346,9.99,10.0,10.02,9.87,8374,8355275.0,1.49,-0.6,-0.06,0.21
2021-03-01,002346,10.04,10.25,10.33,10.0,14332,14588404.0,3.3,2.5,0.25,0.36
2021-03-02,002346,10.25,10.28,10.39,10.17,12531,12853061.0,2.15,0.29,0.03,0.32
2021-03-03,002346,10.23,10.31,10.34,10.19,7644,7833836.0,1.46,0.29,0.03,0.19
2021-03-04,002346,10.28,10.2,10.32,10.13,8209,8389370.0,1.84,-1.07,-0.11,0.21
2021-03-05,002346,10.15,10.2,10.28,10.15,11993,12243832.0,1.27,0.0,0.0,0.3
2021-03-08,002346,10.25,10.13,10.82,10.05,41804,43455680.0,7.55,-0.69,-0.07,1.06
2021-03-09,002346,10.2,9.74,10.2,9.67,17419,17184771.0,5.23,-3.85,-0.39,0.44
2021-03-10,002346,9.85,9.7,9.85,9.66,7955,7723366.0,1.95,-0.41,-0.04,0.2
2021-03-11,002346,9.7,9.89,9.89,9.61,7398,7200782.0,2.89,1.96,0.19,0.19
2021-03-12,002346,9.89,9.78,9.89,9.7,6452,6299276.0,1.92,-1.11,-0.11,0.16
2021-03-15,002346,9.75,10.2,10.28,9.58,35952,35540352.0,7.16,4.29,0.42,0.91
2021-03-16,002346,10.2,10.69,10.8,10.03,44633,47093476.0,7.55,4.8,0.49,1.13
2021-03-17,002346,10.6,10.8,11.28,10.55,70761,77642395.0,6.83,1.03,0.11,1.79
2021-03-18,002346,10.77,10.81,11.0,10.5,35792,38276198.0,4.63,0.09,0.01,0.91
2021-03-19,002346,10.78,10.58,10.93,10.56,19127,20481215.0,3.42,-2.13,-0.23,0.48
2021-03-22,002346,10.59,10.61,10.82,10.5,13909,14798189.0,3.02,0.28,0.03,0.35
2021-03-23,002346,10.67,10.46,10.67,10.45,14365,15132920.0,2.07,-1.41,-0.15,0.36
2021-03-24,002346,10.69,10.4,11.28,10.4,32846,34973860.0,8.41,-0.57,-0.06,0.83
2021-03-25,002346,10.2,10.66,10.92,10.2,25902,27540023.0,6.92,2.5,0.26,0.66
2021-03-26,002346,10.51,10.56,10.7,10.43,17122,18026998.0,2.53,-0.94,-0.1,0.43
2021-03-29,002346,10.47,10.57,10.65,10.4,16387,17248032.0,2.37,0.09,0.01,0.42
2021-03-30,002346,10.57,10.3,10.57,10.3,14801,15395981.0,2.55,-2.55,-0.27,0.38
2021-03-31,002346,10.3,10.35,10.43,10.21,10986,11347445.0,2.14,0.49,0.05,0.28
2021-04-01,002346,10.38,10.08,10.38,10.06,16837,17074436.0,3.09,-2.61,-0.27,0.43
2021-04-02,002346,10.12,10.14,10.25,9.98,8736,8856866.0,2.68,0.6,0.06,0.22
2021-04-06,002346,10.14,10.32,10.34,10.05,9036,9282600.0,2.86,1.78,0.18,0.23
2021-04-07,002346,10.3,10.58,10.71,10.29,22757,23989416.0,4.07,2.52,0.26,0.58
2021-04-08,002346,10.55,10.72,10.88,10.55,33354,35796797.0,3.12,1.32,0.14,0.85
2021-04-09,002346,10.63,10.74,10.79,10.56,12743,13628804.0,2.15,0.19,0.02,0.32
2021-04-12,002346,10.68,10.56,10.9,10.53,13662,14556388.0,3.45,-1.68,-0.18,0.35
2021-04-13,002346,10.62,10.47,10.63,10.38,10981,11495651.0,2.37,-0.85,-0.09,0.28
2021-04-14,002346,10.38,10.4,10.8,10.32,19418,20328132.0,4.58,-0.67,-0.07,0.49
2021-04-15,002346,10.36,10.59,10.78,10.26,23340,24660979.0,5.0,1.83,0.19,0.59
2021-04-16,002346,10.59,10.59,10.7,10.43,21501,22789560.0,2.55,0.0,0.0,0.54
2021-04-19,002346,10.61,10.8,10.83,10.56,26651,28591272.0,2.55,1.98,0.21,0.68
2021-04-20,002346,10.88,10.73,10.88,10.64,21028,22627954.0,2.22,-0.65,-0.07,0.53
2021-04-21,002346,10.71,10.63,10.86,10.6,17759,19035539.0,2.42,-0.93,-0.1,0.45
2021-04-22,002346,10.67,10.93,11.12,10.63,43089,46952334.0,4.61,2.82,0.3,1.09
2021-04-23,002346,10.88,10.72,10.92,10.63,22553,24216090.0,2.65,-1.92,-0.21,0.57
2021-04-26,002346,10.68,10.43,10.68,10.38,24754,25967828.0,2.8,-2.71,-0.29,0.63
2021-04-27,002346,10.39,10.25,10.4,10.13,18804,19260297.0,2.59,-1.73,-0.18,0.48
2021-04-28,002346,10.17,10.44,10.54,10.1,18820,19400867.0,4.29,1.85,0.19,0.48
2021-04-29,002346,10.43,10.51,10.53,10.38,11299,11821135.0,1.44,0.67,0.07,0.29
2021-04-30,002346,10.49,10.56,10.57,10.36,13115,13756771.0,2.0,0.48,0.05,0.33
2021-05-06,002346,10.48,10.75,10.87,10.41,23650,25337114.0,4.36,1.8,0.19,0.6
2021-05-07,002346,10.8,10.71,10.95,10.71,19585,21162632.0,2.23,-0.37,-0.04,0.5
2021-05-10,002346,10.7,10.99,11.02,10.63,28630,31212610.0,3.64,2.61,0.28,0.73
2021-05-11,002346,10.99,10.92,11.0,10.81,18757,20485609.0,1.73,-0.64,-0.07,0.48
2021-05-12,002346,10.87,10.94,11.01,10.76,17753,19321328.0,2.29,0.18,0.02,0.45
2021-05-13,002346,10.87,10.72,10.88,10.65,16908,18185600.0,2.1,-2.01,-0.22,0.43
2021-05-14,002346,10.72,11.13,11.16,10.7,40261,44438608.0,4.29,3.82,0.41,1.02
2021-05-17,002346,11.16,10.87,11.33,10.8,30838,33854688.0,4.76,-2.34,-0.26,0.78
2021-05-18,002346,10.82,10.83,11.28,10.75,31527,34744312.0,4.88,-0.37,-0.04,0.8
2021-05-19,002346,10.78,11.06,11.15,10.76,31985,35260653.0,3.6,2.12,0.23,0.81
2021-05-20,002346,11.02,10.82,11.06,10.71,25341,27396280.0,3.16,-2.17,-0.24,0.64
2021-05-21,002346,10.65,10.43,10.68,10.32,23282,24382255.0,3.33,-3.6,-0.39,0.59
2021-05-24,002346,10.42,10.59,10.68,10.33,20445,21545462.0,3.36,1.53,0.16,0.52
2021-05-25,002346,10.62,10.54,10.64,10.39,15141,15881227.0,2.36,-0.47,-0.05,0.38
2021-05-26,002346,10.49,10.24,10.54,10.22,37605,38894061.0,3.04,-2.85,-0.3,0.95
2021-05-27,002346,10.2,10.33,10.37,10.18,13719,14136778.0,1.86,0.88,0.09,0.35
2021-05-28,002346,10.44,10.24,10.45,10.19,19395,19940905.0,2.52,-0.87,-0.09,0.49
2021-05-31,002346,10.21,10.3,10.32,10.15,14047,14393526.0,1.66,0.59,0.06,0.36
2021-06-01,002346,10.3,10.43,10.44,10.25,15809,16422012.0,1.84,1.26,0.13,0.4
2021-06-02,002346,10.66,11.47,11.47,10.66,70457,79107786.0,7.77,9.97,1.04,1.79
2021-06-03,002346,12.62,12.62,12.62,12.58,49732,62758043.0,0.35,10.03,1.15,1.26
2021-06-04,002346,13.88,13.88,13.88,13.01,281049,382529008.0,6.89,9.98,1.26,7.12
2021-06-07,002346,15.27,15.27,15.27,15.27,24234,37005318.0,0.0,10.01,1.39,0.61
2021-06-08,002346,16.8,16.8,16.8,16.8,12681,21303290.0,0.0,10.02,1.53,0.32
2021-06-09,002346,18.48,18.48,18.48,18.48,30763,56849654.0,0.0,10.0,1.68,0.78
2021-06-10,002346,19.04,20.33,20.33,18.95,511378,1019375920.0,7.47,10.01,1.85,12.96
2021-06-11,002346,20.33,18.3,20.33,18.3,441378,839246912.0,9.99,-9.99,-2.03,11.18
2021-06-15,002346,17.5,18.74,18.88,16.73,423538,742433456.0,11.75,2.4,0.44,10.73
2021-06-16,002346,18.0,19.56,20.39,17.3,457745,864254304.0,16.49,4.38,0.82,11.6
2021-06-17,002346,18.33,19.15,21.0,17.6,439872,846880112.0,17.38,-2.1,-0.41,11.15
2021-06-18,002346,19.07,21.07,21.07,18.83,454018,912201632.0,11.7,10.03,1.92,11.5
2021-06-21,002346,19.98,20.05,21.8,19.39,436444,885795856.0,11.44,-4.84,-1.02,11.06
2021-06-22,002346,19.6,18.44,19.84,18.2,338997,643138160.0,8.18,-8.03,-1.61,8.59
2021-06-23,002346,17.86,18.81,18.88,17.77,234505,434764400.0,6.02,2.01,0.37,5.94
2021-06-24,002346,18.78,17.68,19.82,17.38,278017,519372832.0,12.97,-6.01,-1.13,7.04
2021-06-25,002346,17.39,17.43,17.87,16.81,191614,328984192.0,6.0,-1.41,-0.25,4.86
2021-06-28,002346,17.56,18.11,18.65,17.53,221998,401604224.0,6.43,3.9,0.68,5.63
2021-06-29,002346,17.73,17.4,18.49,17.35,162480,287129248.0,6.29,-3.92,-0.71,4.12
2021-06-30,002346,17.4,18.13,18.3,16.86,184928,327433888.0,8.28,4.2,0.73,4.69
2021-07-01,002346,18.13,16.33,18.31,16.32,200814,346368272.0,10.98,-9.93,-1.8,5.09
2021-07-02,002346,15.82,16.21,16.77,15.72,128490,209097278.0,6.43,-0.73,-0.12,3.26
2021-07-05,002346,16.3,17.3,17.59,16.3,172505,293842288.0,7.96,6.72,1.09,4.37
2021-07-06,002346,19.03,19.03,19.03,18.5,101779,193440295.0,3.06,10.0,1.73,2.58
2021-07-07,002346,20.59,19.9,20.59,19.0,373027,745248656.0,8.36,4.57,0.87,9.45
2021-07-08,002346,19.95,20.01,21.04,19.3,268814,537241840.0,8.74,0.55,0.11,6.81
2021-07-09,002346,19.6,22.01,22.01,19.45,291042,624683040.0,12.79,10.0,2.0,7.37
2021-07-12,002346,22.44,21.7,23.58,21.38,376939,846750032.0,10.0,-1.41,-0.31,9.55
2021-07-13,002346,21.51,20.6,21.6,20.0,250622,517041280.0,7.37,-5.07,-1.1,6.35
2021-07-14,002346,20.54,20.01,20.95,20.0,173999,355103248.0,4.61,-2.86,-0.59,4.41
2021-07-15,002346,20.11,19.71,20.22,19.0,170052,331734208.0,6.1,-1.5,-0.3,4.31
2021-07-16,002346,19.8,20.5,20.99,19.33,209504,424141856.0,8.42,4.01,0.79,5.31
2021-07-19,002346,20.3,19.18,20.3,19.1,153039,298286816.0,5.85,-6.44,-1.32,3.88
2021-07-20,002346,18.76,19.49,19.58,18.57,102587,196761572.0,5.27,1.62,0.31,2.6
2021-07-21,002346,19.48,20.15,20.41,19.44,140293,281204080.0,4.98,3.39,0.66,3.56
2021-07-22,002346,20.2,19.9,20.43,19.48,122057,240645873.0,4.71,-1.24,-0.25,3.09
2021-07-23,002346,19.61,19.0,19.7,18.6,116228,222768388.0,5.53,-4.52,-0.9,2.95
2021-07-26,002346,18.78,19.17,19.63,18.53,93221,178625619.0,5.79,0.89,0.17,2.36
2021-07-27,002346,19.36,18.04,19.56,18.04,102292,190619294.0,7.93,-5.89,-1.13,2.59
2021-07-28,002346,17.4,17.6,17.92,16.5,88324,153189426.0,7.87,-2.44,-0.44,2.24
2021-07-29,002346,17.75,18.87,18.98,17.7,93874,174270903.0,7.27,7.22,1.27,2.38
2021-07-30,002346,18.98,18.3,19.0,18.07,82433,151614615.0,4.93,-3.02,-0.57,2.09
2021-08-02,002346,18.3,18.47,18.7,18.02,61349,112847355.0,3.72,0.93,0.17,1.55
2021-08-03,002346,18.49,20.32,20.32,18.48,80277,160239705.0,9.96,10.02,1.85,2.03
2021-08-04,002346,21.61,21.33,22.35,20.81,294067,633295904.0,7.58,4.97,1.01,7.45
2021-08-05,002346,20.49,19.52,20.89,19.26,195349,390680640.0,7.64,-8.49,-1.81,4.95
2021-08-06,002346,19.52,19.82,19.84,18.74,147891,284000864.0,5.64,1.54,0.3,3.75
2021-08-09,002346,20.0,19.52,20.4,19.3,140085,277408336.0,5.55,-1.51,-0.3,3.55
2021-08-10,002346,19.53,19.1,19.97,18.77,119957,231427811.0,6.15,-2.15,-0.42,3.04
2021-08-11,002346,19.12,19.99,20.8,19.12,158323,316559280.0,8.8,4.66,0.89,4.01
2021-08-12,002346,19.5,19.84,19.95,19.16,118177,230846818.0,3.95,-0.75,-0.15,2.99
2021-08-13,002346,19.51,19.39,20.13,19.22,98292,192460917.0,4.59,-2.27,-0.45,2.49
2021-08-16,002346,19.4,20.87,20.87,18.66,216786,433272464.0,11.4,7.63,1.48,5.49
2021-08-17,002346,20.86,20.23,21.1,19.87,162118,329813472.0,5.89,-3.07,-0.64,4.11
2021-08-18,002346,20.0,20.69,20.98,19.56,152461,308334912.0,7.02,2.27,0.46,3.86
2021-08-19,002346,20.55,19.81,20.69,19.7,108056,217418688.0,4.78,-4.25,-0.88,2.74
2021-08-20,002346,19.6,18.9,19.6,18.5,109595,207780418.0,5.55,-4.59,-0.91,2.78
2021-08-23,002346,18.9,19.08,19.31,18.85,59400,113617066.0,2.43,0.95,0.18,1.51
2021-08-24,002346,19.15,19.69,20.0,18.78,104922,204391692.0,6.39,3.2,0.61,2.66
2021-08-25,002346,19.72,19.8,20.64,19.35,123032,246882395.0,6.55,0.56,0.11,3.12
2021-08-26,002346,19.7,20.7,21.3,19.42,207598,423458256.0,9.49,4.55,0.9,5.26
2021-08-27,002346,20.6,22.34,22.77,20.07,269141,579605968.0,13.04,7.92,1.64,6.82
2021-08-30,002346,22.0,22.51,23.5,21.35,242193,540036080.0,9.62,0.76,0.17,6.14
2021-08-31,002346,22.0,20.75,22.44,20.7,179977,386380848.0,7.73,-7.82,-1.76,4.56
2021-09-01,002346,21.4,21.2,22.5,20.9,155716,336769072.0,7.71,2.17,0.45,3.95
2021-09-02,002346,21.01,21.7,21.85,19.98,144653,306320960.0,8.82,2.36,0.5,3.67
2021-09-03,002346,21.85,20.86,22.28,20.59,121672,258673801.0,7.79,-3.87,-0.84,3.08
2021-09-06,002346,20.5,22.95,22.95,20.41,149925,328652768.0,12.18,10.02,2.09,3.8
2021-09-07,002346,23.65,24.21,25.0,22.59,301262,715014272.0,10.5,5.49,1.26,7.63
2021-09-08,002346,24.3,24.61,24.88,23.44,218369,527104192.0,5.95,1.65,0.4,5.53
2021-09-09,002346,24.33,23.85,24.75,23.66,145413,349685728.0,4.43,-3.09,-0.76,3.68
2021-09-10,002346,23.5,23.28,24.4,23.08,136969,323918336.0,5.53,-2.39,-0.57,3.47
2021-09-13,002346,23.29,22.89,23.68,22.6,101865,234035991.0,4.64,-1.68,-0.39,2.58
2021-09-14,002346,23.0,23.15,23.5,22.68,98662,228033736.0,3.58,1.14,0.26,2.5
2021-09-15,002346,23.0,24.07,24.1,22.65,125511,297990352.0,6.26,3.97,0.92,3.18
2021-09-16,002346,24.0,21.66,24.3,21.66,201374,453150400.0,10.97,-10.01,-2.41,5.1
2021-09-17,002346,20.6,19.57,21.32,19.5,191547,387422480.0,8.4,-9.65,-2.09,4.85
2021-09-22,002346,19.31,19.16,19.72,18.9,100227,192369333.0,4.19,-2.1,-0.41,2.54
2021-09-23,002346,19.26,19.01,19.47,18.62,91220,173703109.0,4.44,-0.78,-0.15,2.31
2021-09-24,002346,18.91,19.69,19.99,18.8,94241,182878053.0,6.26,3.58,0.68,2.39
2021-09-27,002346,20.6,19.58,20.68,19.5,85645,170860682.0,5.99,-0.56,-0.11,2.17
2021-09-28,002346,19.17,18.56,19.49,18.51,75260,141375081.0,5.01,-5.21,-1.02,1.91
2021-09-29,002346,18.06,18.1,18.48,17.84,41865,76266290.0,3.45,-2.48,-0.46,1.06
2021-09-30,002346,18.3,18.8,18.9,18.3,37867,70696429.0,3.31,3.87,0.7,0.96
2021-10-08,002346,18.99,19.36,19.5,18.83,48692,93532347.0,3.56,2.98,0.56,1.23
2021-10-11,002346,19.66,18.95,19.66,18.75,42452,80982991.0,4.7,-2.12,-0.41,1.08
2021-10-12,002346,18.95,18.25,18.99,18.01,43474,79543894.0,5.17,-3.69,-0.7,1.1
2021-10-13,002346,18.24,18.63,18.75,18.04,27998,51719487.0,3.89,2.08,0.38,0.71
2021-10-14,002346,18.63,18.31,18.75,18.11,29413,53783539.0,3.44,-1.72,-0.32,0.75
2021-10-15,002346,18.88,20.14,20.14,18.88,86084,170153101.0,6.88,9.99,1.83,2.18
2021-10-18,002346,20.7,20.54,20.98,19.52,128504,260237682.0,7.25,1.99,0.4,3.26
2021-10-19,002346,20.2,20.35,20.43,19.9,73188,147598539.0,2.58,-0.93,-0.19,1.85
2021-10-20,002346,20.15,20.59,20.73,19.88,82742,168646596.0,4.18,1.18,0.24,2.1
2021-10-21,002346,20.45,20.21,20.45,20.0,54266,109505450.0,2.19,-1.85,-0.38,1.38
2021-10-22,002346,20.1,20.46,20.98,19.94,79432,163499337.0,5.15,1.24,0.25,2.01
2021-10-25,002346,20.45,20.57,20.65,19.86,78950,160666118.0,3.86,0.54,0.11,2.0
2021-10-26,002346,20.57,20.9,20.91,20.23,93211,192333854.0,3.31,1.6,0.33,2.36
2021-10-27,002346,20.81,20.5,21.44,20.38,65685,135752320.0,5.07,-1.91,-0.4,1.66
2021-10-28,002346,20.21,19.05,20.38,18.9,76462,149932196.0,7.22,-7.07,-1.45,1.94
2021-10-29,002346,19.18,19.9,20.06,19.18,66581,131276983.0,4.62,4.46,0.85,1.69
2021-11-01,002346,20.04,20.09,20.49,19.86,64841,131208431.0,3.17,0.95,0.19,1.64
2021-11-02,002346,20.04,19.35,20.2,19.21,58821,115560556.0,4.93,-3.68,-0.74,1.49
2021-11-03,002346,19.75,18.88,19.75,18.63,58849,111581182.0,5.79,-2.43,-0.47,1.49
2021-11-04,002346,18.9,19.08,19.15,18.81,34672,65772142.0,1.8,1.06,0.2,0.88
2021-11-05,002346,19.08,18.51,19.42,18.5,52849,99392949.0,4.82,-2.99,-0.57,1.34
2021-11-08,002346,18.51,18.79,19.08,18.13,40307,75210163.0,5.13,1.51,0.28,1.02
2021-11-09,002346,18.98,19.03,19.15,18.71,38281,72487568.0,2.34,1.28,0.24,0.97
2021-11-10,002346,19.09,19.23,19.34,18.58,42200,80077089.0,3.99,1.05,0.2,1.07
2021-11-11,002346,19.21,19.41,19.57,18.97,45178,87112182.0,3.12,0.94,0.18,1.14
2021-11-12,002346,19.32,19.47,19.6,19.25,40142,77971317.0,1.8,0.31,0.06,1.02
2021-11-15,002346,19.73,19.24,19.75,18.9,43280,83303744.0,4.37,-1.18,-0.23,1.1
2021-11-16,002346,19.19,19.6,19.76,19.0,57741,112140189.0,3.95,1.87,0.36,1.46
2021-11-17,002346,19.6,19.43,19.66,19.24,41887,81276505.0,2.14,-0.87,-0.17,1.06
2021-11-18,002346,19.41,19.64,19.95,19.35,56317,110894847.0,3.09,1.08,0.21,1.43
2021-11-19,002346,19.4,19.25,19.59,19.15,47967,92586016.0,2.24,-1.99,-0.39,1.22
2021-11-22,002346,19.27,19.96,20.06,19.17,81096,160664378.0,4.62,3.69,0.71,2.05
2021-11-23,002346,20.03,20.41,20.8,19.67,98630,199778465.0,5.66,2.25,0.45,2.5
2021-11-24,002346,20.28,19.97,20.74,19.91,69392,140340327.0,4.07,-2.16,-0.44,1.76
2021-11-25,002346,19.95,19.94,20.24,19.66,51426,102597204.0,2.9,-0.15,-0.03,1.3
2021-11-26,002346,19.85,19.9,20.22,19.79,38643,77242211.0,2.16,-0.2,-0.04,0.98
2021-11-29,002346,19.77,19.94,20.28,19.33,42715,85000681.0,4.77,0.2,0.04,1.08
2021-11-30,002346,19.94,19.73,20.22,19.56,46902,93088033.0,3.31,-1.05,-0.21,1.19
2021-12-01,002346,19.57,19.84,19.84,19.57,32570,64274013.0,1.37,0.56,0.11,0.83
2021-12-02,002346,19.83,18.98,19.97,18.95,62371,120234949.0,5.14,-4.33,-0.86,1.58
2021-12-03,002346,19.1,19.13,19.17,18.82,30047,57171850.0,1.84,0.79,0.15,0.76
2021-12-06,002346,18.96,18.95,19.23,18.9,23809,45385022.0,1.73,-0.94,-0.18,0.6
2021-12-07,002346,18.97,18.53,19.1,18.4,39191,72901739.0,3.69,-2.22,-0.42,0.99
2021-12-08,002346,18.61,18.85,18.97,18.55,25594,48166848.0,2.27,1.73,0.32,0.65
2021-12-09,002346,18.86,18.93,19.1,18.86,21305,40415586.0,1.27,0.42,0.08,0.54
2021-12-10,002346,18.91,18.73,18.91,18.65,23214,43463262.0,1.37,-1.06,-0.2,0.59
2021-12-13,002346,18.8,18.69,18.83,18.56,20047,37390569.0,1.44,-0.21,-0.04,0.51
2021-12-14,002346,18.69,18.75,18.89,18.61,19458,36455517.0,1.5,0.32,0.06,0.49
2021-12-15,002346,18.86,19.14,19.49,18.79,44600,85658120.0,3.73,2.08,0.39,1.13
2021-12-16,002346,19.1,18.81,19.13,18.76,26908,50773030.0,1.93,-1.72,-0.33,0.68
2021-12-17,002346,18.71,18.77,18.89,18.61,20289,38073253.0,1.49,-0.21,-0.04,0.51
2021-12-20,002346,18.66,18.19,18.84,18.05,34642,63543731.0,4.21,-3.09,-0.58,0.88
2021-12-21,002346,18.2,18.02,18.33,17.8,27745,49935851.0,2.91,-0.93,-0.17,0.7
2021-12-22,002346,18.01,18.1,18.2,17.92,19915,35912229.0,1.55,0.44,0.08,0.5
2021-12-23,002346,18.16,17.87,18.17,17.85,22006,39398740.0,1.77,-1.27,-0.23,0.56
2021-12-24,002346,17.9,18.45,18.58,17.5,48114,87005555.0,6.04,3.25,0.58,1.22
2021-12-27,002346,18.39,18.55,18.76,18.0,36534,67526521.0,4.12,0.54,0.1,0.93
2021-12-28,002346,18.55,18.53,18.76,18.32,22289,41251127.0,2.37,-0.11,-0.02,0.56
2021-12-29,002346,18.52,18.39,18.76,18.06,16128,29866360.0,3.78,-0.76,-0.14,0.41
2021-12-30,002346,19.01,19.36,20.23,18.77,105139,205858040.0,7.94,5.27,0.97,2.66
2021-12-31,002346,18.98,19.17,19.36,18.88,53559,102066346.0,2.48,-0.98,-0.19,1.36
2022-01-04,002346,19.17,19.17,19.25,18.78,31060,59369558.0,2.45,0.0,0.0,0.79
2022-01-05,002346,19.2,18.78,19.27,18.45,34330,64505708.0,4.28,-2.03,-0.39,0.87
2022-01-06,002346,18.71,18.89,19.02,18.46,19970,37471461.0,2.98,0.59,0.11,0.51
2022-01-07,002346,18.9,19.38,19.73,18.9,63528,123688449.0,4.39,2.59,0.49,1.61
2022-01-10,002346,21.32,21.32,21.32,21.32,51320,109414112.0,0.0,10.01,1.94,1.3
2022-01-11,002346,23.45,22.26,23.45,22.05,246537,564987520.0,6.57,4.41,0.94,6.25
2022-01-12,002346,21.56,20.9,21.98,20.65,208594,440904624.0,5.97,-6.11,-1.36,5.29
2022-01-13,002346,20.65,20.2,21.52,20.2,100771,206670265.0,6.32,-3.35,-0.7,2.55
2022-01-14,002346,20.04,20.56,20.97,20.01,106809,218607521.0,4.75,1.78,0.36,2.71
2022-01-17,002346,20.24,19.8,20.38,19.77,92393,184311830.0,2.97,-3.7,-0.76,2.34
2022-01-18,002346,19.81,19.86,19.98,19.5,58921,116433496.0,2.42,0.3,0.06,1.49
2022-01-19,002346,19.78,20.11,20.28,19.53,61721,123247613.0,3.78,1.26,0.25,1.56
2022-01-20,002346,19.9,18.7,19.95,18.5,99150,188854176.0,7.21,-7.01,-1.41,2.51
2022-01-21,002346,18.64,18.69,19.16,18.05,44307,82940540.0,5.94,-0.05,-0.01,1.12
2022-01-24,002346,18.8,18.72,19.0,18.5,26953,50703872.0,2.68,0.16,0.03,0.68
2022-01-25,002346,18.72,18.15,18.8,18.05,36354,66580702.0,4.01,-3.04,-0.57,0.92
2022-01-26,002346,18.3,18.16,18.47,18.02,19798,36062245.0,2.48,0.06,0.01,0.5
2022-01-27,002346,18.16,17.52,18.19,17.48,36026,64413038.0,3.91,-3.52,-0.64,0.91
2022-01-28,002346,17.65,17.99,18.0,17.18,27538,48769254.0,4.68,2.68,0.47,0.7
2022-02-07,002346,18.13,18.07,18.5,18.02,27986,50773666.0,2.67,0.44,0.08,0.71
2022-02-08,002346,18.07,18.39,18.93,17.6,44022,80576384.0,7.36,1.77,0.32,1.12
2022-02-09,002346,18.39,18.4,18.54,18.1,28498,52229117.0,2.39,0.05,0.01,0.72
2022-02-10,002346,18.43,18.01,18.43,17.96,29927,54355783.0,2.55,-2.12,-0.39,0.76
2022-02-11,002346,17.86,17.6,18.0,17.49,32400,57363656.0,2.83,-2.28,-0.41,0.82
2022-02-14,002346,17.6,17.05,17.6,16.9,35110,60461613.0,3.98,-3.13,-0.55,0.89
2022-02-15,002346,17.01,17.13,17.24,16.95,24658,42193473.0,1.7,0.47,0.08,0.62
2022-02-16,002346,17.18,17.24,17.36,17.14,22124,38115110.0,1.28,0.64,0.11,0.56
2022-02-17,002346,17.29,17.19,17.66,17.01,43971,76383972.0,3.77,-0.29,-0.05,1.11
2022-02-18,002346,17.14,16.4,17.17,16.18,82141,135379773.0,5.76,-4.6,-0.79,2.08
2022-02-21,002346,16.21,16.55,16.58,16.18,40588,66838360.0,2.44,0.91,0.15,1.03
2022-02-22,002346,16.4,16.32,16.46,16.2,27647,45099258.0,1.57,-1.39,-0.23,0.7
2022-02-23,002346,16.23,16.65,16.68,16.23,37513,62026578.0,2.76,2.02,0.33,0.95
2022-02-24,002346,16.62,16.39,17.1,16.19,54348,90474849.0,5.47,-1.56,-0.26,1.38
2022-02-25,002346,16.52,16.68,16.78,16.52,26692,44469015.0,1.59,1.77,0.29,0.68
2022-02-28,002346,16.61,16.81,16.82,16.26,31348,51945753.0,3.36,0.78,0.13,0.79
2022-03-01,002346,16.85,16.9,17.1,16.79,31507,53250638.0,1.84,0.54,0.09,0.8
2022-03-02,002346,16.88,16.9,16.98,16.65,20260,34047653.0,1.95,0.0,0.0,0.51
2022-03-03,002346,17.0,16.78,17.07,16.77,19572,33067858.0,1.78,-0.71,-0.12,0.5
2022-03-04,002346,16.79,16.83,16.93,16.68,18771,31549276.0,1.49,0.3,0.05,0.48
2022-03-07,002346,16.82,16.42,16.84,16.31,21423,35536205.0,3.15,-2.44,-0.41,0.54
2022-03-08,002346,16.42,16.16,16.58,15.89,21744,35376444.0,4.2,-1.58,-0.26,0.55
2022-03-09,002346,16.22,15.71,16.49,15.16,35485,55943864.0,8.23,-2.78,-0.45,0.9
2022-03-10,002346,15.71,15.24,16.05,15.18,68721,106106613.0,5.54,-2.99,-0.47,1.74
2022-03-11,002346,15.01,15.12,15.17,14.08,53389,78886544.0,7.15,-0.79,-0.12,1.35
2022-03-14,002346,14.99,14.45,15.03,14.44,38151,56019251.0,3.9,-4.43,-0.67,0.97
2022-03-15,002346,14.42,13.42,14.5,13.42,48391,67380966.0,7.47,-7.13,-1.03,1.23
2022-03-16,002346,13.45,13.74,13.82,13.09,45018,60859450.0,5.44,2.38,0.32,1.14
2022-03-17,002346,13.94,14.66,15.11,13.75,97093,141391251.0,9.9,6.7,0.92,2.46
2022-03-18,002346,14.3,14.34,14.97,14.1,63426,90890035.0,5.93,-2.18,-0.32,1.61
2022-03-21,002346,14.2,14.24,14.54,14.12,36643,52430479.0,2.93,-0.7,-0.1,0.93
2022-03-22,002346,14.24,14.18,14.35,14.03,22490,31831044.0,2.25,-0.42,-0.06,0.57
2022-03-23,002346,14.19,14.18,14.4,14.1,28243,40220199.0,2.12,0.0,0.0,0.72
2022-03-24,002346,14.18,13.99,14.19,13.89,23076,32337989.0,2.12,-1.34,-0.19,0.58
2022-03-25,002346,14.19,13.87,14.2,13.8,21895,30526538.0,2.86,-0.86,-0.12,0.55
2022-03-28,002346,13.72,13.68,13.93,13.48,21624,29620553.0,3.24,-1.37,-0.19,0.55
2022-03-29,002346,13.8,13.54,13.8,13.47,19195,26088437.0,2.41,-1.02,-0.14,0.49
2022-03-30,002346,13.76,13.69,13.77,13.48,19588,26657287.0,2.14,1.11,0.15,0.5
2022-03-31,002346,13.55,13.62,13.74,13.53,18544,25305964.0,1.53,-0.51,-0.07,0.47
2022-04-01,002346,13.55,13.48,13.56,13.31,17571,23644514.0,1.84,-1.03,-0.14,0.45
2022-04-06,002346,13.48,13.51,13.64,13.38,17171,23191990.0,1.93,0.22,0.03,0.44
2022-04-07,002346,13.4,13.04,13.48,13.04,24236,32015215.0,3.26,-3.48,-0.47,0.61
2022-04-08,002346,13.01,12.92,13.14,12.75,21729,28052300.0,2.99,-0.92,-0.12,0.55
2022-04-11,002346,12.95,12.32,12.95,12.27,29026,36315270.0,5.26,-4.64,-0.6,0.74
2022-04-12,002346,12.32,12.57,12.58,12.1,21008,26087475.0,3.9,2.03,0.25,0.53
2022-04-13,002346,12.55,12.3,12.56,12.3,15031,18647512.0,2.07,-2.15,-0.27,0.38
2022-04-14,002346,12.31,12.33,12.48,12.25,14043,17346716.0,1.87,0.24,0.03,0.36
2022-04-15,002346,12.3,12.16,12.33,12.03,18263,22204525.0,2.43,-1.38,-0.17,0.46
2022-04-18,002346,12.2,12.31,12.35,11.93,15029,18294643.0,3.45,1.23,0.15,0.38
2022-04-19,002346,12.36,12.32,12.6,12.21,19687,24436166.0,3.17,0.08,0.01,0.5
2022-04-20,002346,12.28,12.11,12.44,12.07,14825,18186730.0,3.0,-1.7,-0.21,0.38
2022-04-21,002346,12.12,11.5,12.18,11.4,24070,28287308.0,6.44,-5.04,-0.61,0.61
2022-04-22,002346,11.39,11.55,11.65,11.32,19225,22091256.0,2.87,0.43,0.05,0.49
2022-04-25,002346,11.22,10.41,11.31,10.41,32426,35172871.0,7.79,-9.87,-1.14,0.82
2022-04-26,002346,10.41,10.25,10.68,10.24,24814,25929740.0,4.23,-1.54,-0.16,0.63
2022-04-27,002346,10.06,10.57,10.6,9.89,32337,33101466.0,6.93,3.12,0.32,0.82
2022-04-28,002346,10.47,10.34,10.54,10.16,21186,21882303.0,3.6,-2.18,-0.23,0.54
2022-04-29,002346,10.35,10.75,10.8,10.35,23056,24513190.0,4.35,3.97,0.41,0.58
2022-05-05,002346,10.75,10.9,11.0,10.63,19174,20859886.0,3.44,1.4,0.15,0.49
2022-05-06,002346,10.67,10.8,10.89,10.5,15116,16226015.0,3.58,-0.92,-0.1,0.38
2022-05-09,002346,10.82,10.99,11.04,10.66,13956,15271755.0,3.52,1.76,0.19,0.35
2022-05-10,002346,10.87,11.11,11.13,10.67,17395,19184685.0,4.19,1.09,0.12,0.44
2022-05-11,002346,11.14,12.22,12.22,11.1,26677,31513919.0,10.08,9.99,1.11,0.68
2022-05-12,002346,13.43,12.61,13.44,12.36,161376,206141059.0,8.84,3.19,0.39,4.09
2022-05-13,002346,12.93,12.12,12.98,12.05,87015,107133413.0,7.38,-3.89,-0.49,2.2
2022-05-16,002346,12.07,13.33,13.33,12.07,99750,128253469.0,10.4,9.98,1.21,2.53
2022-05-17,002346,13.63,14.66,14.66,13.4,250512,359574176.0,9.45,9.98,1.33,6.35
2022-05-18,002346,13.9,14.97,16.13,13.6,302241,443692416.0,17.26,2.11,0.31,7.66
2022-05-19,002346,13.88,14.25,14.56,13.88,160684,228629392.0,4.54,-4.81,-0.72,4.07
2022-05-20,002346,14.18,14.2,14.47,13.85,129672,183001385.0,4.35,-0.35,-0.05,3.29
2022-05-23,002346,14.23,14.13,14.44,13.99,85168,120261576.0,3.17,-0.49,-0.07,2.16
2022-05-24,002346,14.13,14.61,15.18,13.9,191207,277688976.0,9.06,3.4,0.48,4.85
2022-05-25,002346,14.23,14.47,14.47,13.56,109988,154594666.0,6.23,-0.96,-0.14,2.79
2022-05-26,002346,14.28,13.65,14.28,13.6,81547,112647650.0,4.7,-5.67,-0.82,2.07
2022-05-27,002346,13.79,13.36,13.81,13.02,76693,102641937.0,5.79,-2.12,-0.29,1.94
2022-05-30,002346,13.38,13.26,13.43,13.14,47517,62854006.0,2.17,-0.75,-0.1,1.2
2022-05-31,002346,13.21,13.46,13.47,13.05,53477,71143414.0,3.17,1.51,0.2,1.36
2022-06-01,002346,13.4,13.34,13.79,13.23,55314,74483770.0,4.16,-0.89,-0.12,1.4
2022-06-02,002346,13.3,13.42,13.56,13.04,52648,70151928.0,3.9,0.6,0.08,1.33
2022-06-06,002346,13.37,14.25,14.31,13.31,112374,156308548.0,7.45,6.18,0.83,2.85
2022-06-07,002346,14.34,14.0,14.38,13.78,78747,110050683.0,4.21,-1.75,-0.25,2.0
2022-06-08,002346,13.83,13.61,14.03,13.39,59163,80956605.0,4.57,-2.79,-0.39,1.5
2022-06-09,002346,13.5,12.96,13.5,12.95,57125,75131853.0,4.04,-4.78,-0.65,1.45
2022-06-10,002346,12.81,13.15,13.2,12.8,35853,46901531.0,3.09,1.47,0.19,0.91
2022-06-13,002346,12.95,13.25,13.35,12.85,39129,51678274.0,3.8,0.76,0.1,0.99
2022-06-14,002346,13.13,13.2,13.3,12.52,55610,71785214.0,5.89,-0.38,-0.05,1.41
2022-06-15,002346,13.13,13.0,13.41,13.0,47951,63271168.0,3.11,-1.52,-0.2,1.22
2022-06-16,002346,12.98,12.8,13.16,12.76,57235,73946784.0,3.08,-1.54,-0.2,1.45
2022-06-17,002346,12.65,12.79,12.93,12.53,51225,65516338.0,3.13,-0.08,-0.01,1.3
2022-06-20,002346,12.93,13.24,13.49,12.84,82140,108570245.0,5.08,3.52,0.45,2.08
2022-06-21,002346,13.5,12.97,13.5,12.8,47662,62010563.0,5.29,-2.04,-0.27,1.21
2022-06-22,002346,12.97,12.7,13.1,12.65,35825,46086102.0,3.47,-2.08,-0.27,0.91
2022-06-23,002346,12.7,12.95,12.98,12.52,42589,54480191.0,3.62,1.97,0.25,1.08
2022-06-24,002346,13.0,13.08,13.37,12.96,46045,60523967.0,3.17,1.0,0.13,1.17
2022-06-27,002346,13.03,13.3,13.38,13.03,43630,57624353.0,2.68,1.68,0.22,1.11
2022-06-28,002346,13.24,13.39,13.4,13.09,49229,65377199.0,2.33,0.68,0.09,1.25
2022-06-29,002346,13.45,12.81,13.68,12.8,72134,94906471.0,6.57,-4.33,-0.58,1.83
2022-06-30,002346,12.81,13.0,13.1,12.73,38620,49990789.0,2.89,1.48,0.19,0.98
2022-07-01,002346,12.99,12.92,13.05,12.84,26248,33963648.0,1.62,-0.62,-0.08,0.66
2022-07-04,002346,12.89,13.16,13.2,12.71,38819,50588743.0,3.79,1.86,0.24,0.98
2022-07-05,002346,13.16,12.95,13.22,12.75,39162,50722721.0,3.57,-1.6,-0.21,0.99
2022-07-06,002346,13.08,12.84,13.08,12.72,25602,32915677.0,2.78,-0.85,-0.11,0.65
2022-07-07,002346,12.78,13.31,13.48,12.7,65499,86310808.0,6.07,3.66,0.47,1.66
2022-07-08,002346,13.35,13.2,13.46,13.11,39972,52951056.0,2.63,-0.83,-0.11,1.01
2022-07-11,002346,13.09,12.84,13.13,12.76,34137,43958910.0,2.8,-2.73,-0.36,0.86
2022-07-12,002346,12.81,12.92,13.4,12.65,59795,78174597.86,5.84,0.62,0.08,1.51
2022-07-13,002346,12.9,13.6,13.78,12.83,101487,136419927.85,7.35,5.26,0.68,2.57
2022-07-14,002346,13.63,13.71,14.07,13.62,99312,136787436.77,3.31,0.81,0.11,2.52
2022-07-15,002346,13.73,13.71,13.93,13.39,69341,94942581.0,3.94,0.0,0.0,1.76
2022-07-18,002346,13.71,13.9,13.98,13.65,70656,97548921.2,2.41,1.39,0.19,1.79
2022-07-19,002346,13.95,13.72,13.99,13.63,61243,84307404.0,2.59,-1.29,-0.18,1.55
2022-07-20,002346,13.8,13.7,13.82,13.49,45129,61455256.59,2.41,-0.15,-0.02,1.14
2022-07-21,002346,13.65,14.25,14.66,13.5,125666,178092914.96,8.47,4.01,0.55,3.18
2022-07-22,002346,14.25,14.87,15.56,13.95,174410,256280347.38,11.3,4.35,0.62,4.42
2022-07-25,002346,14.68,15.49,15.9,14.5,169227,258998208.52,9.41,4.17,0.62,4.29
2022-07-26,002346,15.2,15.9,16.0,14.88,157155,243927439.18,7.23,2.65,0.41,3.98
2022-07-27,002346,15.69,15.72,15.94,15.5,114131,179033726.86,2.77,-1.13,-0.18,2.89
2022-07-28,002346,15.59,15.02,15.79,15.02,113086,172761107.42,4.9,-4.45,-0.7,2.86
2022-07-29,002346,15.03,14.91,15.33,14.78,73084,109724529.9,3.66,-0.73,-0.11,1.85
2022-08-01,002346,14.96,14.84,15.0,14.32,59351,87017756.0,4.56,-0.47,-0.07,1.5
2022-08-02,002346,14.6,13.8,14.62,13.4,77003,107566974.87,8.22,-7.01,-1.04,1.95
2022-08-03,002346,13.88,13.68,14.28,13.58,62859,88019926.0,5.07,-0.87,-0.12,1.59
2022-08-04,002346,13.79,14.17,14.36,13.79,62202,87894722.0,4.17,3.58,0.49,1.58
2022-08-05,002346,14.27,15.59,15.59,14.27,137682,212423993.8,9.32,10.02,1.42,3.49
2022-08-08,002346,16.0,15.77,16.1,15.4,203269,320408631.49,4.49,1.15,0.18,5.15
2022-08-09,002346,15.63,15.7,16.05,15.41,95123,148598511.2,4.06,-0.44,-0.07,2.41
2022-08-10,002346,15.56,16.31,16.49,15.48,180990,292207374.36,6.43,3.89,0.61,4.58
2022-08-11,002346,16.27,16.42,16.51,15.89,127396,206144444.37,3.8,0.67,0.11,3.23
2022-08-12,002346,16.19,15.64,16.25,15.59,95098,150953931.12,4.02,-4.75,-0.78,2.41
2022-08-15,002346,15.82,17.2,17.2,15.82,157538,267836510.8,8.82,9.97,1.56,3.99
2022-08-16,002346,17.72,18.92,18.92,17.47,187240,341521544.47,8.43,10.0,1.72,4.74
2022-08-17,002346,19.86,18.46,19.86,18.24,321763,606457219.84,8.56,-2.43,-0.46,8.15
2022-08-18,002346,18.75,19.06,19.19,18.26,233824,440422857.04,5.04,3.25,0.6,5.92
2022-08-19,002346,19.51,18.57,20.7,18.56,217027,421832026.45,11.23,-2.57,-0.49,5.5
2022-08-22,002346,18.76,18.01,19.09,17.73,130835,237017652.28,7.32,-3.02,-0.56,3.31
2022-08-23,002346,17.8,18.03,18.15,17.8,92492,166409638.68,1.94,0.11,0.02,2.34
2022-08-24,002346,17.83,17.43,18.1,17.28,93848,165981725.2,4.55,-3.33,-0.6,2.38
2022-08-25,002346,17.51,16.6,17.78,16.42,86706,145755870.0,7.8,-4.76,-0.83,2.2
2022-08-26,002346,16.68,16.55,17.1,16.18,58174,97679857.44,5.54,-0.3,-0.05,1.47
2022-08-29,002346,16.01,15.63,16.4,15.26,132923,209045925.98,6.89,-5.56,-0.92,3.37
2022-08-30,002346,15.63,15.17,15.79,15.08,92562,141354305.58,4.54,-2.94,-0.46,2.34
2022-08-31,002346,15.14,14.67,15.28,14.52,90578,134133644.09,5.01,-3.3,-0.5,2.29
2022-09-01,002346,14.62,14.7,15.07,14.49,59253,87398770.26,3.95,0.2,0.03,1.5
2022-09-02,002346,14.8,14.65,14.98,14.46,47708,70017027.32,3.54,-0.34,-0.05,1.21
2022-09-05,002346,14.49,14.4,14.66,14.25,47589,68549744.0,2.8,-1.71,-0.25,1.21
2022-09-06,002346,14.4,14.69,14.75,14.19,63343,92003806.53,3.89,2.01,0.29,1.6
2022-09-07,002346,14.6,15.04,15.08,14.55,89914,134385284.2,3.61,2.38,0.35,2.28
2022-09-08,002346,15.27,14.65,15.49,14.6,79353,118521939.8,5.92,-2.59,-0.39,2.01
2022-09-09,002346,14.49,14.47,14.66,14.31,44046,63601033.54,2.39,-1.23,-0.18,1.12
2022-09-13,002346,14.5,14.75,14.75,14.43,42170,61606911.79,2.21,1.94,0.28,1.07
2022-09-14,002346,14.34,14.86,14.97,14.23,48170,70543022.39,5.02,0.75,0.11,1.22
2022-09-15,002346,14.93,14.4,14.98,14.26,50162,72586562.46,4.85,-3.1,-0.46,1.27
2022-09-16,002346,13.83,13.05,13.94,13.0,79019,105158223.32,6.53,-9.38,-1.35,2.0
2022-09-19,002346,13.06,13.47,13.73,13.06,52736,71041477.05,5.13,3.22,0.42,1.34
2022-09-20,002346,13.5,13.56,13.69,13.38,33169,44838378.02,2.3,0.67,0.09,0.84
2022-09-21,002346,13.62,13.45,13.65,13.28,24818,33430710.0,2.73,-0.81,-0.11,0.63
2022-09-22,002346,13.31,13.48,13.72,13.28,26139,35327622.0,3.27,0.22,0.03,0.66
2022-09-23,002346,13.59,13.13,13.59,13.03,26796,35482419.0,4.15,-2.6,-0.35,0.68
2022-09-26,002346,13.07,12.86,13.18,12.82,34175,44458998.0,2.74,-2.06,-0.27,0.87
2022-09-27,002346,13.07,13.1,13.24,12.87,25731,33532700.0,2.88,1.87,0.24,0.65
2022-09-28,002346,12.91,12.4,12.98,12.38,45839,57872804.1,4.58,-5.34,-0.7,1.16
2022-09-29,002346,12.51,12.3,12.7,12.24,29503,36545911.0,3.71,-0.81,-0.1,0.75
2022-09-30,002346,12.4,12.24,12.4,12.14,20115,24696356.38,2.11,-0.49,-0.06,0.51
2022-10-10,002346,12.34,12.18,12.4,12.01,20312,24823152.13,3.19,-0.49,-0.06,0.51
2022-10-11,002346,12.19,12.13,12.4,11.93,25649,31008497.02,3.86,-0.41,-0.05,0.65
2022-10-12,002346,12.06,12.63,12.69,12.06,31204,38535645.0,5.19,4.12,0.5,0.79
2022-10-13,002346,12.8,12.77,12.96,12.6,29715,38065046.0,2.85,1.11,0.14,0.75
2022-10-14,002346,12.81,13.03,13.11,12.74,31616,41008863.0,2.9,2.04,0.26,0.8
2022-10-17,002346,13.04,13.31,13.38,12.9,27161,35874653.76,3.68,2.15,0.28,0.69
2022-10-18,002346,13.4,13.3,13.47,13.14,24737,32950314.6,2.48,-0.08,-0.01,0.63
2022-10-19,002346,13.14,13.38,13.53,13.14,24672,32971140.63,2.93,0.6,0.08,0.62
2022-10-20,002346,13.26,13.2,13.46,12.95,26861,35412056.0,3.81,-1.35,-0.18,0.68
2022-10-21,002346,13.28,13.18,13.34,13.1,16535,21845580.0,1.82,-0.15,-0.02,0.42
2022-10-24,002346,13.2,13.13,13.67,13.08,36955,49543110.88,4.48,-0.38,-0.05,0.94
2022-10-25,002346,13.28,13.4,13.5,13.02,31115,41328175.0,3.66,2.06,0.27,0.79
2022-10-26,002346,13.36,13.92,14.5,13.3,66263,91687172.43,8.96,3.88,0.52,1.68
2022-10-27,002346,13.71,13.54,13.97,13.52,44186,60808976.53,3.23,-2.73,-0.38,1.12
2022-10-28,002346,13.42,12.82,13.43,12.7,40538,53094143.13,5.39,-5.32,-0.72,1.03
2022-10-31,002346,12.7,13.15,13.32,12.7,28826,37749877.73,4.84,2.57,0.33,0.73
2022-11-01,002346,13.23,13.4,13.48,13.14,27266,36356313.45,2.59,1.9,0.25,0.69
2022-11-02,002346,13.5,13.53,13.62,13.27,30464,41100713.0,2.61,0.97,0.13,0.77
2022-11-03,002346,13.53,13.59,13.7,13.38,28396,38580925.0,2.37,0.44,0.06,0.72
2022-11-04,002346,13.7,13.94,14.03,13.65,46123,64009897.88,2.8,2.58,0.35,1.17
2022-11-07,002346,14.0,14.28,14.5,13.83,64867,91505772.57,4.81,2.44,0.34,1.64
2022-11-08,002346,14.21,14.05,14.21,13.71,56337,78326859.37,3.5,-1.61,-0.23,1.43
2022-11-09,002346,14.39,15.46,15.46,14.32,224144,345156007.72,8.11,10.04,1.41,5.68
2022-11-10,002346,15.51,15.8,16.37,15.46,328335,521220660.36,5.89,2.2,0.34,8.32
2022-11-11,002346,15.51,15.14,15.9,14.99,277733,426041704.54,5.76,-4.18,-0.66,7.04
2022-11-14,002346,14.82,14.66,14.85,14.51,126632,185749296.54,2.25,-3.17,-0.48,3.21
2022-11-15,002346,14.51,15.11,15.13,14.47,128246,190198000.22,4.5,3.07,0.45,3.25
2022-11-16,002346,14.91,14.95,15.43,14.81,142037,214448054.49,4.1,-1.06,-0.16,3.6
2022-11-17,002346,14.95,14.65,14.95,14.5,81872,119529499.82,3.01,-2.01,-0.3,2.07
2022-11-18,002346,14.62,14.98,15.12,14.42,131087,195508354.04,4.78,2.25,0.33,3.32
2022-11-21,002346,14.7,15.15,15.16,14.58,97792,145902540.72,3.87,1.13,0.17,2.48
2022-11-22,002346,15.07,14.71,15.07,14.6,70175,104145334.48,3.1,-2.9,-0.44,1.78
2022-11-23,002346,14.8,14.62,14.86,14.34,52502,76527985.65,3.54,-0.61,-0.09,1.33
2022-11-24,002346,14.65,14.51,14.71,14.47,48666,70927778.93,1.64,-0.75,-0.11,1.23
2022-11-25,002346,14.56,13.75,14.57,13.74,83700,117317174.68,5.72,-5.24,-0.76,2.12
2022-11-28,002346,13.48,13.62,13.68,13.28,39849,53961553.34,2.91,-0.95,-0.13,1.01
2022-11-29,002346,13.55,13.7,13.76,13.52,46172,63114594.92,1.76,0.59,0.08,1.17
2022-11-30,002346,13.71,13.47,13.78,13.35,56751,77027487.02,3.14,-1.68,-0.23,1.44
2022-12-01,002346,13.6,13.63,13.79,13.57,43917,60045335.0,1.63,1.19,0.16,1.11
2022-12-02,002346,13.67,13.74,13.86,13.67,37342,51392061.71,1.39,0.81,0.11,0.95
2022-12-05,002346,13.83,13.82,13.87,13.66,38116,52401667.83,1.53,0.58,0.08,0.97
2022-12-06,002346,13.78,13.8,13.88,13.55,41088,56408349.18,2.39,-0.14,-0.02,1.04
2022-12-07,002346,13.81,13.7,13.81,13.64,36112,49512180.32,1.23,-0.72,-0.1,0.91
2022-12-08,002346,13.75,13.31,13.75,13.3,54256,73001937.3,3.28,-2.85,-0.39,1.37
2022-12-09,002346,13.4,13.37,13.46,13.21,26127,34842794.85,1.88,0.45,0.06,0.66
2022-12-12,002346,13.42,13.29,13.45,13.13,26959,35745746.0,2.39,-0.6,-0.08,0.68
2022-12-13,002346,13.28,13.14,13.39,13.05,33745,44586311.8,2.56,-1.13,-0.15,0.85
2022-12-14,002346,13.23,13.26,13.48,13.19,39693,53033476.41,2.21,0.91,0.12,1.01
2022-12-15,002346,13.21,13.46,13.47,13.13,34058,45562294.68,2.56,1.51,0.2,0.86
2022-12-16,002346,13.34,13.09,13.38,13.07,32511,42850139.02,2.3,-2.75,-0.37,0.82
2022-12-19,002346,13.07,12.7,13.15,12.63,35590,45570027.3,3.97,-2.98,-0.39,0.9
2022-12-20,002346,12.66,12.8,12.83,12.6,16316,20803010.0,1.81,0.79,0.1,0.41
2022-12-21,002346,12.91,12.63,12.92,12.55,16171,20515062.94,2.89,-1.33,-0.17,0.41
2022-12-22,002346,12.58,12.3,12.75,12.23,23048,28710532.0,4.12,-2.61,-0.33,0.58
2022-12-23,002346,12.44,12.38,12.49,12.18,17713,21856335.0,2.52,0.65,0.08,0.45
2022-12-26,002346,12.38,12.8,12.81,12.38,26020,33036381.5,3.47,3.39,0.42,0.66
2022-12-27,002346,12.8,12.88,12.89,12.71,20152,25845862.0,1.41,0.63,0.08,0.51
2022-12-28,002346,12.87,12.74,12.87,12.68,15955,20331388.0,1.48,-1.09,-0.14,0.4
2022-12-29,002346,12.73,12.62,12.84,12.61,17338,22001800.27,1.81,-0.94,-0.12,0.44
2022-12-30,002346,12.64,12.78,12.81,12.6,15665,19921800.0,1.66,1.27,0.16,0.4
2023-01-03,002346,12.77,13.14,13.22,12.71,31905,41561778.64,3.99,2.82,0.36,0.81
2023-01-04,002346,13.06,13.15,13.25,13.05,20016,26319321.6,1.52,0.08,0.01,0.51
2023-01-05,002346,13.17,13.29,13.32,13.08,25838,34195542.25,1.83,1.06,0.14,0.65
2023-01-06,002346,13.29,13.34,13.53,13.22,36483,48877093.8,2.33,0.38,0.05,0.92
2023-01-09,002346,13.6,13.3,13.64,13.27,30796,41288980.74,2.77,-0.3,-0.04,0.78
2023-01-10,002346,13.3,13.4,13.6,13.26,31505,42308845.16,2.56,0.75,0.1,0.8
2023-01-11,002346,13.5,13.25,13.54,13.12,29450,39084518.0,3.13,-1.12,-0.15,0.75
2023-01-12,002346,13.5,13.28,13.5,13.17,22215,29531209.54,2.49,0.23,0.03,0.56
2023-01-13,002346,13.28,13.3,13.38,13.16,20722,27492467.04,1.66,0.15,0.02,0.52
2023-01-16,002346,13.26,13.33,13.45,13.19,22382,29858723.88,1.95,0.23,0.03,0.57
2023-01-17,002346,13.4,13.38,13.45,13.26,18873,25225697.52,1.43,0.38,0.05,0.48
2023-01-18,002346,13.3,13.38,13.43,13.3,15659,20952799.0,0.97,0.0,0.0,0.4
2023-01-19,002346,13.39,13.39,13.44,13.35,18220,24414198.2,0.67,0.07,0.01,0.46
2023-01-20,002346,13.37,13.52,13.54,13.37,27552,37158947.6,1.27,0.97,0.13,0.7
2023-01-30,002346,13.68,13.62,13.8,13.58,41522,56756151.33,1.63,0.74,0.1,1.05
2023-01-31,002346,13.67,13.9,13.9,13.6,52782,72747693.47,2.2,2.06,0.28,1.34
2023-02-01,002346,13.85,14.01,14.05,13.81,47440,66036903.85,1.73,0.79,0.11,1.2
2023-02-02,002346,14.1,13.92,14.1,13.89,34717,48398794.1,1.5,-0.64,-0.09,0.88
2023-02-03,002346,13.92,13.88,13.96,13.68,36630,50604058.0,2.01,-0.29,-0.04,0.93
2023-02-06,002346,13.86,14.04,14.04,13.73,41569,58035143.0,2.23,1.15,0.16,1.05
2023-02-07,002346,14.02,14.06,14.14,13.96,35791,50211094.0,1.28,0.14,0.02,0.91
2023-02-08,002346,14.08,13.93,14.27,13.93,42905,60345004.0,2.42,-0.92,-0.13,1.09
2023-02-09,002346,13.95,14.25,14.66,13.82,79987,114133806.04,6.03,2.3,0.32,2.03
2023-02-10,002346,14.16,14.18,14.35,14.1,50261,71466771.17,1.75,-0.49,-0.07,1.27
2023-02-13,002346,14.19,14.44,14.47,14.18,50881,72909554.65,2.05,1.83,0.26,1.29
2023-02-14,002346,14.44,14.35,14.44,14.25,37816,54191444.32,1.32,-0.62,-0.09,0.96
2023-02-15,002346,14.32,14.56,14.64,14.31,64865,94220695.18,2.3,1.46,0.21,1.64
2023-02-16,002346,14.56,13.96,14.62,13.88,72041,102555720.0,5.08,-4.12,-0.6,1.82
2023-02-17,002346,13.96,13.82,14.16,13.77,39247,54692602.78,2.79,-1.0,-0.14,0.99
2023-02-20,002346,13.72,13.9,13.92,13.7,34649,47822136.75,1.59,0.58,0.08,0.88
2023-02-21,002346,13.9,13.91,14.07,13.8,32573,45399145.0,1.94,0.07,0.01,0.83
2023-02-22,002346,13.95,14.92,15.3,13.83,272762,406086290.2,10.57,7.26,1.01,6.91
2023-02-23,002346,14.93,14.64,14.94,14.46,194931,285509524.83,3.22,-1.88,-0.28,4.94
2023-02-24,002346,14.53,14.52,14.66,14.39,83617,121245761.11,1.84,-0.82,-0.12,2.12
2023-02-27,002346,14.41,14.33,14.54,14.18,64768,93085604.91,2.48,-1.31,-0.19,1.64
2023-02-28,002346,14.34,14.26,14.53,14.01,64678,91891922.63,3.63,-0.49,-0.07,1.64
2023-03-01,002346,14.21,14.35,14.35,14.12,53495,76258409.11,1.61,0.63,0.09,1.36
2023-03-02,002346,14.35,14.09,14.36,14.0,68673,97098010.0,2.51,-1.81,-0.26,1.74
2023-03-03,002346,14.04,14.09,14.21,14.03,39096,55189911.29,1.28,0.0,0.0,0.99
2023-03-06,002346,14.09,14.08,14.12,13.9,40116,56082884.98,1.56,-0.07,-0.01,1.02
2023-03-07,002346,14.01,13.61,14.04,13.6,53739,73963932.51,3.13,-3.34,-0.47,1.36
2023-03-08,002346,13.5,13.57,13.66,13.46,31035,42103496.89,1.47,-0.29,-0.04,0.79
2023-03-09,002346,13.61,13.67,13.77,13.56,27353,37391044.04,1.55,0.74,0.1,0.69
2023-03-10,002346,13.55,13.44,13.62,13.31,29433,39591226.72,2.27,-1.68,-0.23,0.75
2023-03-13,002346,13.35,13.41,13.54,13.25,25309,33857053.0,2.16,-0.22,-0.03,0.64
2023-03-14,002346,13.35,13.19,13.4,12.92,30503,40093865.16,3.58,-1.64,-0.22,0.77
2023-03-15,002346,13.3,13.41,13.45,13.27,19830,26537263.12,1.36,1.67,0.22,0.5
2023-03-16,002346,13.34,13.06,13.35,13.04,22294,29357931.94,2.31,-2.61,-0.35,0.56
2023-03-17,002346,13.19,13.12,13.21,13.07,20191,26530638.46,1.07,0.46,0.06,0.51
2023-03-20,002346,13.12,13.49,13.86,13.0,54246,73159322.59,6.55,2.82,0.37,1.37
2023-03-21,002346,13.34,13.56,13.58,13.19,36331,48797284.95,2.89,0.52,0.07,0.92
2023-03-22,002346,13.64,13.62,13.65,13.49,22243,30171832.22,1.18,0.44,0.06,0.56
2023-03-23,002346,13.55,13.59,13.62,13.5,19827,26881147.44,0.88,-0.22,-0.03,0.5
2023-03-24,002346,13.58,13.62,13.71,13.53,27817,37857343.62,1.32,0.22,0.03,0.7
2023-03-27,002346,13.61,13.6,13.61,13.44,19193,25992076.52,1.25,-0.15,-0.02,0.49
2023-03-28,002346,13.6,13.39,13.61,13.34,19710,26522934.96,1.99,-1.54,-0.21,0.5
2023-03-29,002346,13.39,13.21,13.45,13.2,19944,26480955.24,1.87,-1.34,-0.18,0.51
2023-03-30,002346,13.29,13.25,13.29,13.14,13967,18493447.0,1.14,0.3,0.04,0.35
2023-03-31,002346,13.32,13.44,13.6,13.22,23629,31815969.0,2.87,1.43,0.19,0.6
2023-04-03,002346,13.43,13.55,13.57,13.34,28173,37907466.67,1.71,0.82,0.11,0.71
2023-04-04,002346,13.52,13.27,13.55,13.21,26076,34786589.75,2.51,-2.07,-0.28,0.66
2023-04-06,002346,13.32,13.56,13.6,13.21,31895,43054080.89,2.94,2.19,0.29,0.81
2023-04-07,002346,13.55,13.49,13.56,13.47,17017,22985816.0,0.66,-0.52,-0.07,0.43
2023-04-10,002346,13.52,13.36,13.64,13.33,19264,25946001.83,2.3,-0.96,-0.13,0.49
2023-04-11,002346,13.36,13.31,13.48,13.22,17861,23786726.32,1.95,-0.37,-0.05,0.45
2023-04-12,002346,13.4,13.35,13.4,13.27,12804,17042454.34,0.98,0.3,0.04,0.32
2023-04-13,002346,13.33,13.13,13.36,13.0,24296,32048358.08,2.7,-1.65,-0.22,0.62
2023-04-14,002346,13.13,13.13,13.25,13.04,14322,18808311.0,1.6,0.0,0.0,0.36
2023-04-17,002346,13.13,13.18,13.22,13.1,13795,18180063.12,0.91,0.38,0.05,0.35
2023-04-18,002346,13.16,12.95,13.17,12.93,24574,31925081.36,1.82,-1.75,-0.23,0.62
2023-04-19,002346,12.92,13.14,13.28,12.61,48885,63353259.08,5.17,1.47,0.19,1.24
2023-04-20,002346,13.04,12.89,13.09,12.83,18810,24258222.38,1.98,-1.9,-0.25,0.48
2023-04-21,002346,12.85,12.4,12.89,12.4,28101,35469417.33,3.8,-3.8,-0.49,0.71
2023-04-24,002346,12.4,12.52,12.69,12.2,14788,18487828.32,3.95,0.97,0.12,0.37
2023-04-25,002346,12.5,12.36,12.64,12.25,16079,19933478.04,3.12,-1.28,-0.16,0.41
2023-04-26,002346,12.3,12.54,12.63,12.3,16270,20418345.92,2.67,1.46,0.18,0.41
2023-04-27,002346,12.5,12.47,12.65,12.39,13682,17140940.16,2.07,-0.56,-0.07,0.35
2023-04-28,002346,12.51,12.61,12.63,12.48,15990,20125694.0,1.2,1.12,0.14,0.41
2023-05-04,002346,12.78,12.63,12.87,12.59,17125,21748858.58,2.22,0.16,0.02,0.43
2023-05-05,002346,12.6,12.5,12.61,12.37,14163,17643804.4,1.9,-1.03,-0.13,0.36
2023-05-08,002346,12.46,12.56,12.6,12.46,14449,18110158.64,1.12,0.48,0.06,0.37
2023-05-09,002346,12.46,12.05,12.51,12.04,33827,41345202.56,3.74,-4.06,-0.51,0.86
2023-05-10,002346,12.1,12.38,12.49,12.05,23211,28532954.31,3.65,2.74,0.33,0.59
2023-05-11,002346,12.39,12.42,12.46,12.31,11425,14169189.0,1.21,0.32,0.04,0.29
2023-05-12,002346,12.43,12.31,12.53,12.23,12224,15085215.5,2.42,-0.89,-0.11,0.31
2023-05-15,002346,12.25,12.58,12.59,12.25,19212,23974082.3,2.76,2.19,0.27,0.49
2023-05-16,002346,12.57,12.66,12.79,12.51,19577,24842671.52,2.23,0.64,0.08,0.5
2023-05-17,002346,12.66,12.77,12.79,12.57,18686,23776893.58,1.74,0.87,0.11,0.47
2023-05-18,002346,12.82,12.7,12.83,12.64,12243,15553807.72,1.49,-0.55,-0.07,0.31
2023-05-19,002346,12.68,12.73,12.76,12.63,9707,12341376.0,1.02,0.24,0.03,0.25
2023-05-22,002346,12.7,12.9,12.92,12.56,17000,21836859.8,2.83,1.34,0.17,0.43
2023-05-23,002346,12.85,12.71,12.89,12.71,11051,14145447.2,1.4,-1.47,-0.19,0.28
2023-05-24,002346,12.82,12.84,12.98,12.68,15406,19824657.8,2.36,1.02,0.13,0.39
2023-05-25,002346,12.77,12.82,12.9,12.66,15734,20118375.32,1.87,-0.16,-0.02,0.4
2023-05-26,002346,12.8,12.69,12.86,12.57,16260,20600000.01,2.26,-1.01,-0.13,0.41
2023-05-29,002346,12.76,12.51,12.76,12.47,15250,19133275.27,2.29,-1.42,-0.18,0.39
2023-05-30,002346,12.41,12.6,12.65,12.39,12573,15761725.25,2.08,0.72,0.09,0.32
2023-05-31,002346,12.61,12.42,12.69,12.4,12785,15980220.62,2.3,-1.43,-0.18,0.32
2023-06-01,002346,12.37,12.49,12.65,12.36,14712,18418159.2,2.33,0.56,0.07,0.37
2023-06-02,002346,12.53,12.68,12.76,12.43,18699,23681491.64,2.64,1.52,0.19,0.47
2023-06-05,002346,12.76,12.73,12.76,12.6,11869,15061235.18,1.26,0.39,0.05,0.3
2023-06-06,002346,12.66,12.5,12.7,12.5,16089,20222527.0,1.57,-1.81,-0.23,0.41
2023-06-07,002346,12.52,12.35,12.56,12.3,15818,19632151.36,2.08,-1.2,-0.15,0.4
2023-06-08,002346,12.26,12.33,12.64,12.25,29805,36914598.56,3.16,-0.16,-0.02,0.76
2023-06-09,002346,12.23,12.15,12.37,12.1,21467,26153624.69,2.19,-1.46,-0.18,0.54
2023-06-12,002346,12.11,12.14,12.2,12.02,20406,24732081.47,1.48,-0.08,-0.01,0.52
2023-06-13,002346,12.14,12.27,12.33,12.14,16726,20488086.76,1.57,1.07,0.13,0.42
2023-06-14,002346,12.29,12.06,12.32,12.04,20898,25275861.36,2.28,-1.71,-0.21,0.53
2023-06-15,002346,12.07,12.21,12.23,11.85,30460,36770996.72,3.15,1.24,0.15,0.77
2023-06-16,002346,12.15,12.25,12.28,12.14,16982,20779405.0,1.15,0.33,0.04,0.43
2023-06-19,002346,12.23,12.11,12.29,12.08,15889,19287170.47,1.71,-1.14,-0.14,0.4
2023-06-20,002346,12.11,12.12,12.19,11.97,16143,19506010.44,1.82,0.08,0.01,0.41
2023-06-21,002346,12.04,11.95,12.2,11.95,16394,19769555.95,2.06,-1.4,-0.17,0.42
2023-06-26,002346,11.95,12.25,12.28,11.8,33590,40560783.9,4.02,2.51,0.3,0.85
2023-06-27,002346,12.23,12.17,12.24,12.06,21399,26007326.72,1.47,-0.65,-0.08,0.54
2023-06-28,002346,12.17,12.36,12.38,11.95,32803,40122037.02,3.53,1.56,0.19,0.83
2023-06-29,002346,12.36,12.38,12.5,12.29,22133,27453984.67,1.7,0.16,0.02,0.56
2023-06-30,002346,12.35,12.44,12.52,12.35,18639,23175648.28,1.37,0.48,0.06,0.49
2023-07-03,002346,12.5,12.45,12.61,12.39,21148,26343397.67,1.77,0.08,0.01,0.56
2023-07-04,002346,12.3,12.29,12.36,12.23,17026,20911541.02,1.04,-1.29,-0.16,0.45
2023-07-05,002346,12.3,12.26,12.36,12.21,12228,15023043.0,1.22,-0.24,-0.03,0.32
2023-07-06,002346,12.25,12.24,12.3,12.18,13215,16170561.0,0.98,-0.16,-0.02,0.35
2023-07-07,002346,12.22,12.17,12.22,12.1,11762,14309275.97,0.98,-0.57,-0.07,0.31
2023-07-10,002346,12.18,12.29,12.45,12.18,15390,18980821.97,2.22,0.99,0.12,0.4
2023-07-11,002346,12.29,12.38,12.39,12.23,13128,16191286.73,1.3,0.73,0.09,0.35
2023-07-12,002346,12.42,12.27,12.42,12.24,12294,15169455.0,1.45,-0.89,-0.11,0.32
2023-07-13,002346,12.28,12.34,12.43,12.2,14245,17588824.48,1.87,0.57,0.07,0.37
2023-07-14,002346,12.4,12.27,12.4,12.21,11844,14571133.0,1.54,-0.57,-0.07,0.31
2023-07-17,002346,12.3,12.42,12.45,12.21,17174,21251721.73,1.96,1.22,0.15,0.45
2023-07-18,002346,12.41,12.49,12.51,12.29,15502,19268804.7,1.77,0.56,0.07,0.41
2023-07-19,002346,12.52,12.44,12.74,12.39,16537,20708835.29,2.8,-0.4,-0.05,0.43
2023-07-20,002346,12.49,12.28,12.52,12.26,15205,18810796.7,2.09,-1.29,-0.16,0.4
2023-07-21,002346,12.29,12.19,12.36,12.16,11596,14180865.77,1.63,-0.73,-0.09,0.3
2023-07-24,002346,12.19,12.15,12.23,12.08,9033,10981658.62,1.23,-0.33,-0.04,0.24
2023-07-25,002346,12.28,12.34,12.35,12.16,14026,17245230.65,1.56,1.56,0.19,0.37
2023-07-26,002346,12.33,12.35,12.39,12.25,9345,11509774.18,1.13,0.08,0.01,0.25
2023-07-27,002346,12.35,12.3,12.42,12.29,10817,13367898.0,1.05,-0.4,-0.05,0.28
2023-07-28,002346,12.37,12.29,12.37,12.13,12902,15817359.0,1.95,-0.08,-0.01,0.34
2023-07-31,002346,12.33,12.48,12.55,12.25,24090,29948304.8,2.44,1.55,0.19,0.63
2023-08-01,002346,12.85,12.55,12.87,12.53,47538,60142073.52,2.72,0.56,0.07,1.25
2023-08-02,002346,12.52,12.56,12.65,12.43,21983,27530065.2,1.75,0.08,0.01,0.58
2023-08-03,002346,12.5,12.4,12.51,12.36,15767,19568068.7,1.19,-1.27,-0.16,0.41
2023-08-04,002346,12.43,12.38,12.5,12.35,17739,21997863.11,1.21,-0.16,-0.02,0.47
2023-08-07,002346,12.32,12.2,12.38,12.15,16769,20504105.32,1.86,-1.45,-0.18,0.44
2023-08-08,002346,12.27,12.17,12.29,12.1,14267,17372940.4,1.56,-0.25,-0.03,0.38
2023-08-09,002346,12.16,12.11,12.22,12.11,8958,10861032.92,0.9,-0.49,-0.06,0.24
2023-08-10,002346,12.09,12.14,12.19,12.09,6990,8484756.9,0.83,0.25,0.03,0.18
2023-08-11,002346,12.16,11.88,12.16,11.88,14290,17150761.76,2.31,-2.14,-0.26,0.38
2023-08-14,002346,11.79,12.05,12.14,11.75,15078,17965974.6,3.28,1.43,0.17,0.4
2023-08-15,002346,12.02,11.95,12.08,11.9,7423,8877235.0,1.49,-0.83,-0.1,0.2
2023-08-16,002346,11.97,11.87,11.99,11.87,7215,8596337.4,1.0,-0.67,-0.08,0.19
2023-08-17,002346,11.99,12.05,12.1,11.76,13339,15973523.0,2.86,1.52,0.18,0.35
2023-08-18,002346,12.04,11.96,12.1,11.94,9103,10945577.0,1.33,-0.75,-0.09,0.24
2023-08-21,002346,11.93,11.84,12.02,11.83,8588,10226511.16,1.59,-1.0,-0.12,0.23
2023-08-22,002346,11.84,11.65,11.93,11.49,18534,21565397.0,3.72,-1.6,-0.19,0.49
2023-08-23,002346,11.68,11.55,11.8,11.45,14015,16270214.0,3.0,-0.86,-0.1,0.37
2023-08-24,002346,11.68,12.0,12.58,11.68,40632,49264412.72,7.79,3.9,0.45,1.07
2023-08-25,002346,11.88,11.96,12.36,11.88,32879,39941947.48,4.0,-0.33,-0.04,0.86
2023-08-28,002346,12.49,11.98,12.62,11.91,31187,38104254.2,5.94,0.17,0.02,0.82
2023-08-29,002346,11.87,12.34,12.49,11.85,35495,43482782.24,5.34,3.01,0.36,0.93
2023-08-30,002346,12.27,12.29,12.43,12.24,19423,23937274.0,1.54,-0.41,-0.05,0.51
2023-08-31,002346,12.22,12.22,12.36,12.14,14868,18191115.15,1.79,-0.57,-0.07,0.39
2023-09-01,002346,12.27,12.15,12.27,12.13,10744,13085642.0,1.15,-0.57,-0.07,0.28
2023-09-04,002346,12.13,12.32,12.35,12.13,16310,19983163.0,1.81,1.4,0.17,0.43
2023-09-05,002346,12.3,12.39,12.43,12.25,15421,19020106.67,1.46,0.57,0.07,0.41
2023-09-06,002346,12.37,12.43,12.47,12.21,17856,22111456.96,2.1,0.32,0.04,0.47
2023-09-07,002346,12.44,12.17,12.44,12.17,15563,19076708.0,2.17,-2.09,-0.26,0.41
2023-09-08,002346,12.15,12.27,12.32,12.09,10968,13389406.0,1.89,0.82,0.1,0.29
2023-09-11,002346,12.27,12.22,12.45,12.17,25846,31766787.44,2.28,-0.41,-0.05,0.68
2023-09-12,002346,12.26,12.15,12.26,12.1,11909,14490182.0,1.31,-0.57,-0.07,0.31
2023-09-13,002346,12.15,11.97,12.19,11.9,17924,21520225.0,2.39,-1.48,-0.18,0.47
2023-09-14,002346,12.02,11.95,12.1,11.85,11005,13137364.0,2.09,-0.17,-0.02,0.29
2023-09-15,002346,11.94,12.08,12.08,11.87,12228,14658176.0,1.76,1.09,0.13,0.32
2023-09-18,002346,12.0,11.84,12.0,11.8,21453,25430394.0,1.66,-1.99,-0.24,0.56
2023-09-19,002346,11.8,11.75,11.85,11.69,11879,13949768.0,1.35,-0.76,-0.09,0.31
2023-09-20,002346,11.77,11.71,11.84,11.71,9505,11190168.08,1.11,-0.34,-0.04,0.25
2023-09-21,002346,11.69,11.71,11.77,11.65,9500,11122475.0,1.02,0.0,0.0,0.25
2023-09-22,002346,11.7,11.91,11.92,11.67,11844,14007794.0,2.13,1.71,0.2,0.31
2023-09-25,002346,11.92,11.92,12.04,11.9,11873,14201983.0,1.18,0.08,0.01,0.31
2023-09-26,002346,11.9,11.84,11.99,11.84,7018,8350698.0,1.26,-0.67,-0.08,0.18
2023-09-27,002346,11.88,11.97,12.03,11.79,12993,15560870.0,2.03,1.1,0.13,0.34
2023-09-28,002346,11.99,12.06,12.11,11.98,9857,11871217.0,1.09,0.75,0.09,0.26
2023-10-09,002346,12.07,12.16,12.2,12.0,17141,20810969.97,1.66,0.83,0.1,0.45
2023-10-10,002346,12.18,12.12,12.24,12.09,14726,17886452.08,1.23,-0.33,-0.04,0.39
2023-10-11,002346,12.13,12.11,12.18,12.06,12433,15052055.0,0.99,-0.08,-0.01,0.33
2023-10-12,002346,12.16,12.15,12.19,12.04,11068,13419250.4,1.24,0.33,0.04,0.29
2023-10-13,002346,12.16,12.1,12.18,12.05,12549,15187468.8,1.07,-0.41,-0.05,0.33
2023-10-16,002346,12.11,11.94,12.12,11.87,14984,17915254.0,2.07,-1.32,-0.16,0.39
2023-10-17,002346,12.0,11.92,12.03,11.85,12961,15433657.0,1.51,-0.17,-0.02,0.34
2023-10-18,002346,11.83,11.64,11.86,11.62,13919,16296934.0,2.01,-2.35,-0.28,0.37
2023-10-19,002346,11.54,11.45,11.66,11.45,18091,20872938.0,1.8,-1.63,-0.19,0.48
2023-10-20,002346,11.44,11.52,11.73,11.42,23053,26745131.62,2.71,0.61,0.07,0.61
2023-10-23,002346,11.38,11.22,11.59,11.15,17042,19270675.9,3.82,-2.6,-0.3,0.45
2023-10-24,002346,11.29,11.4,11.44,11.13,13584,15380869.72,2.76,1.6,0.18,0.36
2023-10-25,002346,11.47,11.51,11.65,11.47,13371,15418030.71,1.58,0.96,0.11,0.35
2023-10-26,002346,11.44,11.63,11.64,11.3,11332,13001600.76,2.95,1.04,0.12,0.3
2023-10-27,002346,11.51,11.77,11.82,11.51,17151,20143163.0,2.67,1.2,0.14,0.45
2023-10-30,002346,11.78,11.9,11.95,11.73,15456,18336592.68,1.87,1.1,0.13,0.41
2023-10-31,002346,11.51,11.36,11.77,11.29,56431,64420183.82,4.03,-4.54,-0.54,1.48
2023-11-01,002346,11.36,11.33,11.44,11.26,23081,26178925.45,1.58,-0.26,-0.03,0.61
2023-11-02,002346,11.26,11.22,11.41,11.21,15975,18005136.01,1.77,-0.97,-0.11,0.42
2023-11-03,002346,11.23,11.36,11.48,11.23,20144,22945295.32,2.23,1.25,0.14,0.53
2023-11-06,002346,11.44,11.53,11.58,11.4,22687,26111302.0,1.58,1.5,0.17,0.6
2023-11-07,002346,11.55,11.56,11.58,11.4,19505,22417956.06,1.56,0.26,0.03,0.51
2023-11-08,002346,11.56,11.58,11.64,11.46,16729,19314772.44,1.56,0.17,0.02,0.44
2023-11-09,002346,11.58,11.55,11.62,11.52,10547,12189523.0,0.86,-0.26,-0.03,0.27
2023-11-10,002346,11.56,11.61,11.65,11.45,14406,16658197.0,1.73,0.52,0.06,0.36
2023-11-13,002346,11.67,11.67,11.69,11.58,12545,14602394.8,0.95,0.52,0.06,0.32
2023-11-14,002346,11.69,11.65,11.71,11.62,10969,12779657.89,0.77,-0.17,-0.02,0.28
2023-11-15,002346,11.69,11.75,11.76,11.66,19555,22922280.5,0.86,0.86,0.1,0.5
2023-11-16,002346,11.73,11.6,11.76,11.6,12603,14689804.0,1.36,-1.28,-0.15,0.32
2023-11-17,002346,11.59,11.67,11.71,11.54,13099,15245503.42,1.47,0.6,0.07,0.33
2023-11-20,002346,11.67,11.72,11.72,11.57,14779,17208845.88,1.29,0.43,0.05,0.37
2023-11-21,002346,11.72,11.64,11.75,11.62,15343,17945538.64,1.11,-0.68,-0.08,0.39
2023-11-22,002346,11.63,11.52,11.69,11.5,16240,18797426.06,1.63,-1.03,-0.12,0.41
2023-11-23,002346,11.48,11.6,11.63,11.48,12552,14533583.36,1.3,0.69,0.08,0.32
2023-11-24,002346,11.6,11.5,11.61,11.44,14129,16244178.0,1.47,-0.86,-0.1,0.36
2023-11-27,002346,11.44,11.51,11.57,11.42,13935,16033416.0,1.3,0.09,0.01,0.35
2023-11-28,002346,11.51,11.67,11.68,11.42,16211,18817174.44,2.26,1.39,0.16,0.41
2023-11-29,002346,11.68,11.65,11.76,11.64,12454,14562716.0,1.03,-0.17,-0.02,0.32
2023-11-30,002346,11.66,11.45,11.68,11.34,17643,20247156.21,2.92,-1.72,-0.2,0.45
2023-12-01,002346,11.43,11.3,11.46,11.21,19863,22448115.75,2.18,-1.31,-0.15,0.5
2023-12-04,002346,11.37,11.29,11.37,11.24,12041,13581482.0,1.15,-0.09,-0.01,0.31
2023-12-05,002346,11.29,11.13,11.34,11.13,17860,20053989.65,1.86,-1.42,-0.16,0.45
2023-12-06,002346,11.17,11.29,11.39,11.11,21766,24543431.32,2.52,1.44,0.16,0.55
2023-12-07,002346,11.26,11.2,11.28,11.1,16414,18324187.52,1.59,-0.8,-0.09,0.42
2023-12-08,002346,11.19,10.94,11.24,10.91,24401,26946587.0,2.95,-2.32,-0.26,0.62
2023-12-11,002346,10.84,11.05,11.08,10.75,13458,14710428.0,3.02,1.01,0.11,0.34
2023-12-12,002346,11.05,11.06,11.07,10.95,10139,11163813.0,1.09,0.09,0.01,0.26
2023-12-13,002346,11.1,11.02,11.14,10.93,9126,10079559.13,1.9,-0.36,-0.04,0.23
2023-12-14,002346,11.02,11.07,11.13,11.02,11998,13306626.0,1.0,0.45,0.05,0.3
2023-12-15,002346,11.07,11.03,11.16,11.0,8454,9345038.0,1.45,-0.36,-0.04,0.21
2023-12-18,002346,11.04,10.81,11.1,10.79,12514,13607020.0,2.81,-1.99,-0.22,0.32
2023-12-19,002346,10.81,10.87,10.93,10.76,7834,8484078.72,1.57,0.56,0.06,0.2
2023-12-20,002346,10.87,10.82,10.95,10.81,8726,9496745.0,1.29,-0.46,-0.05,0.22
2023-12-21,002346,10.82,10.98,11.01,10.66,15287,16592875.36,3.23,1.48,0.16,0.39
2023-12-22,002346,10.99,10.98,11.08,10.83,13581,14888919.0,2.28,0.0,0.0,0.34
2023-12-25,002346,10.93,10.85,11.0,10.8,8820,9593160.15,1.82,-1.18,-0.13,0.22
2023-12-26,002346,10.88,10.73,10.88,10.66,8019,8614044.45,2.03,-1.11,-0.12,0.2
2023-12-27,002346,10.73,10.71,10.74,10.59,7911,8445828.0,1.4,-0.19,-0.02,0.2
2023-12-28,002346,10.76,11.1,11.14,10.68,22498,24761449.57,4.3,3.64,0.39,0.57
2023-12-29,002346,11.13,11.15,11.2,11.08,13514,15061182.0,1.08,0.45,0.05,0.34
2024-01-02,002346,11.21,11.23,11.3,11.19,14760,16607208.0,0.99,0.72,0.08,0.37
2024-01-03,002346,11.28,11.23,11.32,11.15,13473,15127384.0,1.51,0.0,0.0,0.34
2024-01-04,002346,11.23,11.11,11.3,11.09,11718,13085059.0,1.87,-1.07,-0.12,0.3
2024-01-05,002346,11.11,11.03,11.25,10.99,12912,14351318.0,2.34,-0.72,-0.08,0.33
2024-01-08,002346,11.03,10.81,11.06,10.81,12155,13295173.0,2.27,-1.99,-0.22,0.31
2024-01-09,002346,10.82,10.91,11.09,10.8,11161,12193736.0,2.68,0.93,0.1,0.28
2024-01-10,002346,10.92,10.93,11.04,10.75,10524,11506419.0,2.66,0.18,0.02,0.27
2024-01-11,002346,10.91,11.04,11.12,10.83,14193,15567769.2,2.65,1.01,0.11,0.36
2024-01-12,002346,11.1,11.08,11.23,11.05,9786,10905976.0,1.63,0.36,0.04,0.25
2024-01-15,002346,11.06,11.14,11.17,11.0,10784,11984558.0,1.53,0.54,0.06,0.27
2024-01-16,002346,11.15,11.21,11.24,11.02,16381,18230332.0,1.97,0.63,0.07,0.41
2024-01-17,002346,11.18,11.04,11.26,11.02,22062,24670751.33,2.14,-1.52,-0.17,0.56
2024-01-18,002346,10.94,10.9,11.12,10.5,28956,31209121.02,5.62,-1.27,-0.14,0.73
2024-01-19,002346,10.84,10.64,10.91,10.62,14824,15933572.72,2.66,-2.39,-0.26,0.38
2024-01-22,002346,10.65,9.99,10.72,9.9,26804,27527035.27,7.71,-6.11,-0.65,0.68
2024-01-23,002346,10.0,9.96,10.09,9.68,19179,18971984.0,4.1,-0.3,-0.03,0.49
2024-01-24,002346,9.96,10.12,10.28,9.76,21445,21558882.0,5.22,1.61,0.16,0.54
2024-01-25,002346,10.09,10.48,10.52,9.97,21076,21735471.0,5.43,3.56,0.36,0.53
2024-01-26,002346,10.49,10.48,10.59,10.38,16161,16918587.4,2.0,0.0,0.0,0.41
2024-01-29,002346,10.42,10.12,10.53,10.07,15265,15629786.04,4.39,-3.44,-0.36,0.39
2024-01-30,002346,10.06,9.76,10.21,9.74,15139,15108177.32,4.64,-3.56,-0.36,0.38
2024-01-31,002346,9.84,9.34,9.84,9.22,24822,23450274.42,6.35,-4.3,-0.42,0.63
2024-02-01,002346,9.58,9.11,9.58,9.02,20563,18919576.0,6.0,-2.46,-0.23,0.52
2024-02-02,002346,9.19,8.56,9.19,8.21,32944,28675630.0,10.76,-6.04,-0.55,0.83
2024-02-05,002346,8.47,7.7,8.47,7.7,36628,28956524.5,9.0,-10.05,-0.86,0.93
2024-02-06,002346,7.71,8.05,8.3,7.28,33841,26142270.39,13.25,4.55,0.35,0.86
2024-02-07,002346,8.13,7.98,8.18,7.86,22939,18348917.47,3.98,-0.87,-0.07,0.58
2024-02-08,002346,8.0,8.54,8.66,7.98,34910,29099871.64,8.52,7.02,0.56,0.88
2024-02-19,002346,8.63,8.9,8.99,8.63,27190,24092263.38,4.22,4.22,0.36,0.69
2024-02-20,002346,8.86,8.89,8.9,8.67,15022,13238685.53,2.58,-0.11,-0.01,0.38
2024-02-21,002346,8.76,8.96,9.19,8.76,21790,19699735.92,4.84,0.79,0.07,0.55
2024-02-22,002346,8.96,9.03,9.11,8.89,14370,12925258.0,2.46,0.78,0.07,0.36
2024-02-23,002346,9.07,9.18,9.22,9.02,25673,23411105.21,2.21,1.66,0.15,0.65
2024-02-26,002346,9.18,9.29,9.45,9.14,27038,25141755.86,3.38,1.2,0.11,0.68
2024-02-27,002346,9.27,9.48,9.49,9.16,20774,19520273.6,3.55,2.05,0.19,0.53
2024-02-28,002346,9.48,9.0,9.82,8.97,40317,37993319.87,8.97,-5.06,-0.48,1.02
2024-02-29,002346,8.79,9.22,9.22,8.79,28321,25862898.55,4.78,2.44,0.22,0.72
2024-03-01,002346,9.22,9.34,9.36,9.16,24358,22603102.0,2.17,1.3,0.12,0.62
2024-03-04,002346,9.48,9.31,9.48,9.1,22321,20678107.4,4.07,-0.32,-0.03,0.57
2024-03-05,002346,9.24,9.02,9.31,8.99,28093,25567561.1,3.44,-3.11,-0.29,0.71
2024-03-06,002346,9.01,9.29,9.39,9.0,25466,23526876.84,4.32,2.99,0.27,0.65
2024-03-07,002346,9.32,9.13,9.41,9.12,19375,17899176.0,3.12,-1.72,-0.16,0.49
2024-03-08,002346,9.13,9.24,9.29,9.11,14750,13562074.32,1.97,1.2,0.11,0.37
2024-03-11,002346,9.32,10.16,10.16,9.32,70406,70952221.58,9.09,9.96,0.92,1.78
2024-03-12,002346,10.3,10.24,10.97,10.19,171516,179281961.93,7.68,0.79,0.08,4.34
2024-03-13,002346,10.06,10.14,10.5,10.06,90839,92961813.66,4.3,-0.98,-0.1,2.3
2024-03-14,002346,10.08,9.87,10.18,9.71,69930,69451546.1,4.64,-2.66,-0.27,1.77
2024-03-15,002346,9.84,9.96,9.98,9.76,37142,36717219.0,2.23,0.91,0.09,0.94
2024-03-18,002346,9.99,10.25,10.45,9.93,58789,59751090.64,5.22,2.91,0.29,1.49
2024-03-19,002346,10.3,10.14,10.34,10.1,39403,40249004.0,2.34,-1.07,-0.11,1.0
2024-03-20,002346,10.07,10.13,10.18,9.98,32812,33040814.59,1.97,-0.1,-0.01,0.83
2024-03-21,002346,10.18,10.05,10.19,9.89,33491,33538792.91,2.96,-0.79,-0.08,0.85
2024-03-22,002346,10.02,9.78,10.02,9.75,29193,28694715.27,2.69,-2.69,-0.27,0.74
2024-03-25,002346,9.71,9.62,9.93,9.61,26322,25711752.0,3.27,-1.64,-0.16,0.67
2024-03-26,002346,9.64,9.83,9.97,9.53,38571,37537161.4,4.57,2.18,0.21,0.98
2024-03-27,002346,9.85,9.49,9.85,9.47,29203,28182077.0,3.87,-3.46,-0.34,0.74
2024-03-28,002346,9.51,9.6,9.73,9.49,23876,22958990.0,2.53,1.16,0.11,0.6
2024-03-29,002346,9.59,9.77,9.77,9.55,18081,17523203.0,2.29,1.77,0.17,0.46
2024-04-01,002346,9.79,10.0,10.04,9.79,30320,30177745.83,2.56,2.35,0.23,0.77
2024-04-02,002346,10.06,10.14,10.15,9.99,37487,37842287.3,1.6,1.4,0.14,0.95
2024-04-03,002346,10.17,10.09,10.3,10.06,29503,29873289.0,2.37,-0.49,-0.05,0.75
2024-04-08,002346,10.0,9.83,10.1,9.83,24516,24414599.75,2.68,-2.58,-0.26,0.62
2024-04-09,002346,9.83,10.15,10.22,9.8,34459,34773013.0,4.27,3.26,0.32,0.87
2024-04-10,002346,10.16,9.94,10.18,9.86,23589,23560617.0,3.15,-2.07,-0.21,0.6
2024-04-11,002346,9.95,10.12,10.18,9.82,25982,26210577.0,3.62,1.81,0.18,0.66
2024-04-12,002346,10.12,9.95,10.14,9.94,19733,19759169.92,1.98,-1.68,-0.17,0.5
2024-04-15,002346,9.88,9.63,10.02,9.48,32003,31034673.64,5.43,-3.22,-0.32,0.81
2024-04-16,002346,9.46,8.67,9.59,8.67,47763,42825508.0,9.55,-9.97,-0.96,1.21
2024-04-17,002346,8.8,9.35,9.35,8.77,28556,26221972.61,6.69,7.84,0.68,0.72
2024-04-18,002346,9.32,9.26,9.45,9.23,15994,14917068.41,2.35,-0.96,-0.09,0.41
2024-04-19,002346,9.35,9.14,9.35,9.1,14508,13308317.0,2.7,-1.3,-0.12,0.37
2024-04-22,002346,9.13,9.12,9.25,8.94,12813,11675891.0,3.39,-0.22,-0.02,0.32
2024-04-23,002346,9.16,9.14,9.24,9.08,12464,11427592.0,1.75,0.22,0.02,0.32
2024-04-24,002346,9.19,9.34,9.35,9.11,14793,13721517.0,2.63,2.19,0.2,0.37
2024-04-25,002346,9.32,9.45,9.48,9.25,12434,11720180.4,2.46,1.18,0.11,0.31
2024-04-26,002346,9.01,8.69,9.2,8.52,74719,64815092.9,7.2,-8.04,-0.76,1.89
2024-04-29,002346,8.7,9.14,9.2,8.65,49956,44972310.0,6.33,5.18,0.45,1.27
2024-04-30,002346,9.15,8.97,9.22,8.86,29536,26576705.0,3.94,-1.86,-0.17,0.75
2024-05-06,002346,9.02,9.25,9.28,8.99,24668,22734707.82,3.23,3.12,0.28,0.62
2024-05-07,002346,9.28,9.24,9.3,9.12,14779,13619508.36,1.95,-0.11,-0.01,0.37
2024-05-08,002346,9.24,9.12,9.29,9.09,20017,18387345.0,2.16,-1.3,-0.12,0.51
2024-05-09,002346,9.11,9.42,9.47,9.1,31976,30020527.2,4.06,3.29,0.3,0.81
2024-05-10,002346,9.42,9.48,9.57,9.32,28711,27129886.2,2.65,0.64,0.06,0.73
2024-05-13,002346,9.44,9.2,9.46,9.13,21476,19876125.66,3.48,-2.95,-0.28,0.54
2024-05-14,002346,9.23,9.29,9.48,9.23,17848,16692357.76,2.72,0.98,0.09,0.45
2024-05-15,002346,9.24,9.18,9.33,9.17,14054,13015083.0,1.72,-1.18,-0.11,0.36
2024-05-16,002346,9.69,9.22,9.87,9.16,33047,30642539.8,7.73,0.44,0.04,0.84
2024-05-17,002346,9.16,9.22,9.23,9.02,19092,17466438.0,2.28,0.0,0.0,0.48
2024-05-20,002346,9.19,9.2,9.28,9.17,20582,18976063.0,1.19,-0.22,-0.02,0.52
2024-05-21,002346,9.21,9.08,9.26,9.07,19254,17545152.0,2.07,-1.3,-0.12,0.49
2024-05-22,002346,9.08,9.17,9.19,9.08,12165,11127571.0,1.21,0.99,0.09,0.31
2024-05-23,002346,9.17,8.99,9.17,8.97,17589,15905718.0,2.18,-1.96,-0.18,0.45
2024-05-24,002346,8.99,9.03,9.13,8.95,12570,11405567.0,2.0,0.44,0.04,0.32
2024-05-27,002346,9.0,9.09,9.1,8.91,12413,11179776.0,2.1,0.66,0.06,0.31
2024-05-28,002346,8.98,9.0,9.09,8.86,20477,18450070.0,2.53,-0.99,-0.09,0.52
2024-05-29,002346,8.89,9.01,9.17,8.87,19007,17212265.08,3.33,0.11,0.01,0.48
2024-05-30,002346,8.9,8.9,9.1,8.9,15562,13941061.82,2.22,-1.22,-0.11,0.39
2024-05-31,002346,8.9,8.88,8.93,8.8,11055,9803744.0,1.46,-0.22,-0.02,0.28
2024-06-03,002346,8.89,8.52,8.91,8.44,28057,24090094.0,5.29,-4.05,-0.36,0.71
2024-06-04,002346,8.5,8.47,8.51,8.28,16664,13965527.0,2.7,-0.59,-0.05,0.42
2024-06-05,002346,8.33,8.3,8.49,8.3,13433,11254554.0,2.24,-2.01,-0.17,0.34
2024-06-06,002346,8.0,7.9,8.39,7.84,27802,22292017.0,6.63,-4.82,-0.4,0.7
2024-06-07,002346,8.05,8.14,8.17,7.97,15162,12260404.28,2.53,3.04,0.24,0.38
2024-06-11,002346,8.14,8.12,8.15,7.93,10224,8237887.04,2.7,-0.25,-0.02,0.26
2024-06-12,002346,8.13,8.13,8.2,8.08,9165,7469087.42,1.48,0.12,0.01,0.23
2024-06-13,002346,8.1,8.16,8.2,8.03,14884,12105216.0,2.09,0.37,0.03,0.38
2024-06-14,002346,8.17,8.14,8.25,8.08,10289,8411268.07,2.08,-0.25,-0.02,0.26
2024-06-17,002346,8.14,8.09,8.24,8.04,11635,9471657.0,2.46,-0.61,-0.05,0.29
2024-06-18,002346,8.09,8.11,8.14,8.04,10285,8334388.0,1.24,0.25,0.02,0.26
2024-06-19,002346,8.08,7.97,8.14,7.94,10634,8507657.0,2.47,-1.73,-0.14,0.27
2024-06-20,002346,7.9,7.72,7.97,7.7,16919,13173115.0,3.39,-3.14,-0.25,0.43
2024-06-21,002346,7.71,7.71,7.77,7.66,8600,6635029.72,1.42,-0.13,-0.01,0.22
2024-06-24,002346,7.7,7.36,7.7,7.29,17174,12749588.39,5.32,-4.54,-0.35,0.44
2024-06-25,002346,7.35,7.36,7.46,7.33,10256,7589666.0,1.77,0.0,0.0,0.26
2024-06-26,002346,7.5,7.65,7.66,7.3,11504,8648201.16,4.89,3.94,0.29,0.29
2024-06-27,002346,7.68,7.54,7.71,7.52,10052,7648877.41,2.48,-1.44,-0.11,0.25
2024-06-28,002346,7.5,7.62,7.72,7.49,11611,8884736.0,3.05,1.06,0.08,0.29
2024-07-01,002346,7.63,7.65,7.74,7.52,7592,5788666.0,2.89,0.39,0.03,0.19
2024-07-02,002346,7.74,7.7,7.75,7.58,10747,8260996.0,2.22,0.65,0.05,0.27
2024-07-03,002346,7.7,7.63,7.74,7.61,7625,5846333.52,1.69,-0.91,-0.07,0.19
2024-07-04,002346,7.63,7.42,7.67,7.4,10005,7517523.0,3.54,-2.75,-0.21,0.25
2024-07-05,002346,7.47,7.46,7.49,7.34,10151,7556181.0,2.02,0.54,0.04,0.26
2024-07-08,002346,7.45,7.24,7.51,7.22,10842,7935452.81,3.89,-2.95,-0.22,0.28
2024-07-09,002346,7.24,7.39,7.41,7.15,10769,7860066.0,3.59,2.07,0.15,0.27
2024-07-10,002346,7.35,7.33,7.47,7.33,8920,6591750.0,1.89,-0.81,-0.06,0.23
2024-07-11,002346,7.35,7.48,7.5,7.28,12893,9602540.0,3.0,2.05,0.15,0.33
2024-07-12,002346,7.56,7.49,7.56,7.4,12378,9262909.96,2.14,0.13,0.01,0.31
2024-07-15,002346,7.43,7.25,7.54,7.24,13557,9899272.69,4.01,-3.2,-0.24,0.34
2024-07-16,002346,7.21,7.08,7.28,7.05,14224,10122632.73,3.17,-2.34,-0.17,0.36
2024-07-17,002346,7.11,7.1,7.19,7.06,10593,7523805.89,1.84,0.28,0.02,0.27
2024-07-18,002346,7.05,7.06,7.1,6.97,11641,8177104.56,1.83,-0.56,-0.04,0.3
2024-07-19,002346,7.05,7.13,7.18,7.05,12070,8615115.0,1.84,0.99,0.07,0.31
2024-07-22,002346,7.14,7.19,7.21,7.13,8619,6183929.68,1.12,0.84,0.06,0.22
2024-07-23,002346,7.19,7.1,7.26,7.09,10329,7415727.0,2.36,-1.25,-0.09,0.26
2024-07-24,002346,7.05,6.93,7.1,6.92,9862,6896764.06,2.54,-2.39,-0.17,0.25
2024-07-25,002346,6.97,7.04,7.09,6.91,9362,6567178.12,2.6,1.59,0.11,0.24
2024-07-26,002346,7.05,7.17,7.2,7.05,9965,7132040.0,2.13,1.85,0.13,0.25
2024-07-29,002346,7.17,7.18,7.25,7.06,9551,6839576.0,2.65,0.14,0.01,0.24
2024-07-30,002346,7.17,7.22,7.26,7.13,9097,6550400.0,1.81,0.56,0.04,0.23
2024-07-31,002346,7.22,7.36,7.38,7.16,15481,11315235.0,3.05,1.94,0.14,0.39
2024-08-01,002346,7.39,7.38,7.42,7.34,14740,10883601.0,1.09,0.27,0.02,0.37
2024-08-02,002346,7.35,7.35,7.45,7.3,13733,10150080.53,2.03,-0.41,-0.03,0.35
2024-08-05,002346,7.34,7.2,7.47,7.2,14235,10451890.0,3.67,-2.04,-0.15,0.36
2024-08-06,002346,7.23,7.36,7.36,7.21,10874,7946371.62,2.08,2.22,0.16,0.28
2024-08-07,002346,7.36,7.45,7.48,7.32,12989,9651231.0,2.17,1.22,0.09,0.33
2024-08-08,002346,7.45,7.37,7.46,7.3,9543,7033223.0,2.15,-1.07,-0.08,0.24
2024-08-09,002346,7.44,7.35,7.45,7.34,6224,4597685.0,1.49,-0.27,-0.02,0.16
2024-08-12,002346,7.35,7.31,7.37,7.27,9233,6749607.0,1.36,-0.54,-0.04,0.23
2024-08-13,002346,7.28,7.3,7.32,7.16,10180,7370456.0,2.19,-0.14,-0.01,0.26
2024-08-14,002346,7.31,7.27,7.45,7.21,17340,12681395.0,3.29,-0.41,-0.03,0.44
2024-08-15,002346,7.38,7.22,7.38,7.03,21508,15410005.36,4.81,-0.69,-0.05,0.55
2024-08-16,002346,7.2,7.18,7.27,7.17,11975,8645992.0,1.39,-0.55,-0.04,0.3
2024-08-19,002346,7.18,7.17,7.27,7.06,17031,12272786.0,2.92,-0.14,-0.01,0.43
2024-08-20,002346,7.18,6.94,7.21,6.92,21157,14810942.0,4.04,-3.21,-0.23,0.54
2024-08-21,002346,6.95,6.88,6.99,6.87,11677,8079282.0,1.73,-0.86,-0.06,0.3
2024-08-22,002346,6.91,6.79,6.96,6.79,12616,8660050.0,2.47,-1.31,-0.09,0.32
2024-08-23,002346,6.78,6.69,6.79,6.67,11687,7844016.0,1.77,-1.47,-0.1,0.3
2024-08-26,002346,6.69,6.94,6.96,6.69,14191,9766421.86,4.04,3.74,0.25,0.36
2024-08-27,002346,6.93,6.73,6.93,6.72,8699,5908671.0,3.03,-3.03,-0.21,0.22
2024-08-28,002346,6.73,6.82,6.88,6.66,10573,7179840.0,3.27,1.34,0.09,0.27
2024-08-29,002346,6.84,6.96,6.99,6.78,13161,9129178.0,3.08,2.05,0.14,0.33
2024-08-30,002346,6.98,7.09,7.16,6.92,12286,8718148.0,3.45,1.87,0.13,0.31
2024-09-02,002346,7.12,7.09,7.2,7.08,14076,10037763.0,1.69,0.0,0.0,0.36
2024-09-03,002346,7.12,7.22,7.24,7.06,15499,11155903.78,2.54,1.83,0.13,0.39
2024-09-04,002346,7.22,7.2,7.29,7.16,15648,11318678.0,1.8,-0.28,-0.02,0.4
2024-09-05,002346,7.2,7.22,7.26,7.17,9492,6851527.2,1.25,0.28,0.02,0.24
2024-09-06,002346,7.21,7.11,7.24,7.09,8783,6268522.82,2.08,-1.52,-0.11,0.22
2024-09-09,002346,7.12,7.05,7.14,7.02,7966,5625913.92,1.69,-0.84,-0.06,0.2
2024-09-10,002346,7.08,7.1,7.12,6.99,9739,6864676.0,1.84,0.71,0.05,0.25
2024-09-11,002346,7.1,7.12,7.23,7.09,12519,8956021.58,1.97,0.28,0.02,0.32
2024-09-12,002346,7.12,7.31,7.36,7.12,24694,17962778.0,3.37,2.67,0.19,0.63
2024-09-13,002346,7.4,7.23,7.58,7.21,24926,18262058.0,5.06,-1.09,-0.08,0.63
2024-09-18,002346,7.23,7.19,7.27,7.05,15512,11103553.0,3.04,-0.55,-0.04,0.39
2024-09-19,002346,7.2,7.32,7.39,7.17,14741,10749512.0,3.06,1.81,0.13,0.37
2024-09-20,002346,7.33,7.25,7.34,7.2,10114,7335957.0,1.91,-0.96,-0.07,0.26
2024-09-23,002346,7.2,7.21,7.3,7.17,9149,6609032.0,1.79,-0.55,-0.04,0.23
2024-09-24,002346,7.21,7.36,7.43,7.21,15036,11020959.18,3.05,2.08,0.15,0.38
2024-09-25,002346,7.43,7.48,7.62,7.42,22717,17097127.4,2.72,1.63,0.12,0.58
2024-09-26,002346,7.77,8.22,8.23,7.55,74397,57891104.47,9.09,9.89,0.74,1.89
2024-09-27,002346,8.01,8.31,8.51,8.0,96887,79985289.82,6.2,1.09,0.09,2.46
2024-09-30,002346,8.46,8.86,9.0,8.26,125241,108406988.38,8.9,6.62,0.55,3.18
2024-10-08,002346,9.73,9.33,9.73,8.81,117736,109289404.58,10.38,5.3,0.47,2.99
2024-10-09,002346,9.15,8.5,9.15,8.45,59732,52645253.68,7.5,-8.9,-0.83,1.52
2024-10-10,002346,8.63,8.53,8.78,8.42,33710,29028604.27,4.24,0.35,0.03,0.86
2024-10-11,002346,8.53,8.3,8.6,8.25,30154,25261418.51,4.1,-2.7,-0.23,0.77
2024-10-14,002346,8.34,8.5,8.59,8.3,24953,21054048.18,3.49,2.41,0.2,0.63
2024-10-15,002346,8.53,8.42,8.58,8.4,21221,18033398.96,2.12,-0.94,-0.08,0.54
2024-10-16,002346,8.35,8.43,8.49,8.3,21162,17792508.21,2.26,0.12,0.01,0.54
2024-10-17,002346,8.49,8.39,8.6,8.35,21531,18264090.7,2.97,-0.47,-0.04,0.55
2024-10-18,002346,8.39,8.6,8.68,8.36,39595,33757758.58,3.81,2.5,0.21,1.01
2024-10-21,002346,8.72,8.64,8.74,8.58,41830,36185491.51,1.86,0.47,0.04,1.06
2024-10-22,002346,8.69,8.66,8.71,8.58,24482,21156960.42,1.5,0.23,0.02,0.62
2024-10-23,002346,8.7,8.74,8.79,8.56,24102,21020789.0,2.66,0.92,0.08,0.61
2024-10-24,002346,8.75,8.72,8.8,8.7,18115,15829889.0,1.14,-0.23,-0.02,0.46
2024-10-25,002346,8.71,9.03,9.07,8.67,43437,39079784.0,4.59,3.56,0.31,1.1
2024-10-28,002346,8.95,9.16,9.22,8.92,43879,40009761.26,3.32,1.44,0.13,1.12
2024-10-29,002346,9.16,10.08,10.08,9.01,155751,151550596.21,11.68,10.04,0.92,3.96
2024-10-30,002346,10.08,10.41,10.95,9.7,252101,258290053.4,12.4,3.27,0.33,6.41
2024-10-31,002346,10.33,10.05,10.49,9.95,146593,147981721.75,5.19,-3.46,-0.36,3.73
2024-11-01,002346,10.08,9.4,10.08,9.38,93383,89734305.27,6.97,-6.47,-0.65,2.37
2024-11-04,002346,9.3,9.51,9.66,9.26,61470,58152229.61,4.26,1.17,0.11,1.56
2024-11-05,002346,9.52,9.6,9.65,9.43,57057,54614743.46,2.31,0.95,0.09,1.45
2024-11-06,002346,9.63,9.59,9.73,9.53,53208,51300817.69,2.08,-0.1,-0.01,1.35
2024-11-07,002346,9.55,9.72,9.79,9.46,45931,44337565.08,3.44,1.36,0.13,1.17
2024-11-08,002346,9.89,9.77,10.06,9.74,58262,57442475.05,3.29,0.51,0.05,1.48
2024-11-11,002346,9.77,10.24,10.28,9.75,94199,94983640.52,5.42,4.81,0.47,2.39
2024-11-12,002346,10.14,10.11,10.5,9.98,80990,82678804.25,5.08,-1.27,-0.13,2.06
2024-11-13,002346,10.3,10.44,10.59,10.11,93051,96286433.48,4.75,3.26,0.33,2.37
2024-11-14,002346,10.3,10.13,10.62,10.05,58606,60559935.97,5.46,-2.97,-0.31,1.49
2024-11-15,002346,10.1,9.72,10.13,9.71,55267,54837430.23,4.15,-4.05,-0.41,1.4
2024-11-18,002346,9.78,9.49,9.99,9.45,36941,35730372.88,5.56,-2.37,-0.23,0.94
2024-11-19,002346,9.5,9.79,9.8,9.44,29001,27854129.0,3.79,3.16,0.3,0.74
2024-11-20,002346,9.89,9.88,9.92,9.73,29711,29215736.36,1.94,0.92,0.09,0.76
2024-11-21,002346,9.9,9.93,10.06,9.8,28299,28111309.58,2.63,0.51,0.05,0.72
2024-11-22,002346,9.87,9.62,10.0,9.6,33346,32751768.24,4.03,-3.12,-0.31,0.85
2024-11-25,002346,9.62,9.94,10.09,9.53,43936,43185248.2,5.82,3.33,0.32,1.12
2024-11-26,002346,9.9,9.85,10.05,9.78,27120,26801117.0,2.72,-0.91,-0.09,0.69
2024-11-27,002346,9.88,9.91,9.94,9.52,32912,31983232.3,4.26,0.61,0.06,0.84
2024-11-28,002346,9.91,10.03,10.12,9.91,32282,32343476.01,2.12,1.21,0.12,0.82
2024-11-29,002346,9.98,10.0,10.09,9.89,33922,33933879.0,1.99,-0.3,-0.03,0.86
2024-12-02,002346,10.0,10.15,10.25,9.96,43667,44237728.0,2.9,1.5,0.15,1.11
2024-12-03,002346,10.15,10.15,10.3,10.07,28517,28997767.0,2.27,0.0,0.0,0.72
2024-12-04,002346,10.15,9.94,10.15,9.86,26702,26737368.0,2.86,-2.07,-0.21,0.68
2024-12-05,002346,9.9,9.97,10.04,9.86,22178,22132578.0,1.81,0.3,0.03,0.56
2024-12-06,002346,9.97,10.04,10.08,9.86,23611,23647692.0,2.21,0.7,0.07,0.6
2024-12-09,002346,10.12,10.09,10.24,9.99,27544,27868789.0,2.49,0.5,0.05,0.7
2024-12-10,002346,10.31,10.03,10.47,10.0,32842,33288911.92,4.66,-0.59,-0.06,0.83
2024-12-11,002346,9.97,10.2,10.22,9.94,32582,33045076.0,2.79,1.69,0.17,0.83
2024-12-12,002346,10.13,10.19,10.22,10.03,23417,23779424.56,1.86,-0.1,-0.01,0.6
2024-12-13,002346,10.18,10.0,10.18,9.96,21903,21996077.0,2.16,-1.86,-0.19,0.56
2024-12-16,002346,10.01,9.94,10.19,9.86,27819,27829453.64,3.3,-0.6,-0.06,0.71
2024-12-17,002346,10.14,9.67,10.14,9.66,31981,31281203.0,4.83,-2.72,-0.27,0.81
2024-12-18,002346,9.61,9.58,9.74,9.53,25367,24443714.0,2.17,-0.93,-0.09,0.64
2024-12-19,002346,9.56,9.64,9.69,9.41,23833,22770146.0,2.92,0.63,0.06,0.61
2024-12-20,002346,9.64,9.58,9.75,9.58,17409,16818768.92,1.76,-0.62,-0.06,0.44
2024-12-23,002346,9.67,9.46,9.75,9.4,33954,32331828.0,3.65,-1.25,-0.12,0.86
2024-12-24,002346,9.48,10.41,10.41,9.48,62336,63972324.36,9.83,10.04,0.95,1.58
2024-12-25,002346,10.78,10.25,10.79,10.13,156913,163450040.64,6.34,-1.54,-0.16,3.99
2024-12-26,002346,10.2,10.31,10.53,10.2,95760,98865047.64,3.22,0.59,0.06,2.43
2024-12-27,002346,10.35,10.37,10.47,10.24,74011,76808206.0,2.23,0.58,0.06,1.88
2024-12-30,002346,10.31,10.13,10.43,10.07,57238,58465033.8,3.47,-2.31,-0.24,1.45
2024-12-31,002346,10.16,9.86,10.4,9.83,53436,54067101.0,5.63,-2.67,-0.27,1.36
2025-01-02,002346,9.86,10.2,10.38,9.72,80505,81766450.0,6.69,3.45,0.34,2.05
2025-01-03,002346,10.2,9.87,10.38,9.83,63146,63351686.08,5.39,-3.24,-0.33,1.61
2025-01-06,002346,9.73,10.86,10.86,9.6,71708,75241079.0,12.77,10.03,0.99,1.82
2025-01-07,002346,11.94,11.95,11.95,11.78,114983,137333821.32,1.57,10.04,1.09,2.92
2025-01-08,002346,11.97,12.43,13.15,11.6,509536,626772200.78,12.97,4.02,0.48,12.95
2025-01-09,002346,11.5,11.61,12.2,11.19,353319,413333273.79,8.13,-6.6,-0.82,8.98
2025-01-10,002346,11.4,12.77,12.77,11.4,278054,351102235.84,11.8,9.99,1.16,7.07
2025-01-13,002346,12.15,11.77,12.33,11.55,365235,432535979.81,6.11,-7.83,-1.0,9.28
2025-01-14,002346,11.63,12.95,12.95,11.62,143217,182620099.55,11.3,10.03,1.18,3.64
2025-01-15,002346,13.17,12.75,14.25,12.72,549513,743830741.02,11.81,-1.54,-0.2,13.97
2025-01-16,002346,12.5,13.85,13.9,12.02,447585,575179529.28,14.75,8.63,1.1,11.38
2025-01-17,002346,13.11,12.99,13.29,12.57,283008,367172985.58,5.2,-6.21,-0.86,7.19
2025-01-20,002346,13.16,12.7,13.79,12.66,240606,313549762.73,8.7,-2.23,-0.29,6.12
2025-01-21,002346,12.5,11.63,12.53,11.5,253698,298633119.78,8.11,-8.43,-1.07,6.45
2025-01-22,002346,11.35,11.86,11.99,11.32,177953,209408307.4,5.76,1.98,0.23,4.52
2025-01-23,002346,12.02,11.08,12.1,11.0,180081,207244260.0,9.27,-6.58,-0.78,4.58
2025-01-24,002346,10.97,10.82,11.21,10.68,169525,183926534.45,4.78,-2.35,-0.26,4.31
2025-01-27,002346,10.83,10.96,11.17,10.83,113495,124709836.16,3.14,1.29,0.14,2.88
2025-02-05,002346,10.82,11.08,11.2,10.82,93932,103564372.53,3.47,1.09,0.12,2.39
2025-02-06,002346,11.08,11.15,11.18,10.76,109225,120508383.59,3.79,0.63,0.07,2.78
2025-02-07,002346,11.09,11.16,11.27,11.01,125088,139834618.0,2.33,0.09,0.01,3.18
2025-02-10,002346,11.2,11.27,11.35,11.02,104152,116566033.12,2.96,0.99,0.11,2.65
2025-02-11,002346,11.28,11.38,11.4,11.16,95200,107525190.0,2.13,0.98,0.11,2.42
2025-02-12,002346,11.37,11.43,11.5,11.23,87094,99150925.43,2.37,0.44,0.05,2.21
2025-02-13,002346,11.43,11.84,12.46,11.43,189114,223900249.8,9.01,3.59,0.41,4.81
2025-02-14,002346,11.6,11.53,11.91,11.45,111123,129029740.56,3.89,-2.62,-0.31,2.82
2025-02-17,002346,11.42,11.47,11.68,11.21,87861,100880356.59,4.08,-0.52,-0.06,2.23
2025-02-18,002346,11.47,11.15,11.6,11.04,88343,100279216.92,4.88,-2.79,-0.32,2.25
2025-02-19,002346,11.04,11.18,11.21,11.04,67439,75087323.94,1.52,0.27,0.03,1.71
2025-02-20,002346,11.18,11.24,11.25,11.1,52732,58969916.34,1.34,0.54,0.06,1.34
2025-02-21,002346,11.2,11.25,11.35,11.12,60836,68393733.0,2.05,0.09,0.01,1.55
2025-02-24,002346,11.2,11.37,11.58,11.15,62394,70718488.12,3.82,1.07,0.12,1.59
2025-02-25,002346,11.21,11.43,11.51,11.21,51897,59237859.43,2.64,0.53,0.06,1.32
2025-02-26,002346,11.5,11.53,11.56,11.36,56585,64931718.49,1.75,0.87,0.1,1.44
2025-02-27,002346,11.55,11.49,11.64,11.3,53538,61470424.0,2.95,-0.35,-0.04,1.36
2025-02-28,002346,11.47,11.27,11.55,11.24,50816,57670091.0,2.7,-1.91,-0.22,1.29
2025-03-03,002346,11.28,11.6,11.68,11.1,81194,93669508.0,5.15,2.93,0.33,2.06
2025-03-04,002346,11.62,11.63,11.74,11.45,52540,60811543.0,2.5,0.26,0.03,1.34
2025-03-05,002346,11.61,11.57,11.64,11.39,45218,51988268.98,2.15,-0.52,-0.06,1.15
2025-03-06,002346,11.58,11.56,11.63,11.52,47613,55064248.0,0.95,-0.09,-0.01,1.21
2025-03-07,002346,11.55,11.47,11.6,11.38,39929,45895068.0,1.9,-0.78,-0.09,1.01
2025-03-10,002346,11.48,11.64,11.66,11.42,43604,50438262.0,2.09,1.48,0.17,1.11
2025-03-11,002346,11.46,11.86,12.0,11.46,77145,90992308.98,4.64,1.89,0.22,1.96
2025-03-12,002346,11.9,11.89,11.98,11.78,53257,63218526.78,1.69,0.25,0.03,1.35
2025-03-13,002346,11.89,11.96,11.98,11.7,54462,64548432.36,2.35,0.59,0.07,1.38
2025-03-14,002346,11.95,11.82,11.95,11.75,40969,48454567.4,1.67,-1.17,-0.14,1.04
2025-03-17,002346,11.87,11.84,11.95,11.77,31440,37291206.94,1.52,0.17,0.02,0.8
2025-03-18,002346,11.9,11.96,12.0,11.8,33068,39493332.0,1.69,1.01,0.12,0.84
2025-03-19,002346,11.94,11.8,11.95,11.79,34338,40756695.0,1.34,-1.34,-0.16,0.87
2025-03-20,002346,11.76,11.78,11.84,11.67,25415,29921574.0,1.44,-0.17,-0.02,0.65
2025-03-21,002346,11.74,11.66,11.85,11.55,30836,36003027.93,2.55,-1.02,-0.12,0.78
2025-03-24,002346,11.65,11.62,11.83,11.44,53664,62384659.2,3.34,-0.34,-0.04,1.36
2025-03-25,002346,11.62,11.67,11.98,11.56,44298,52039423.71,3.61,0.43,0.05,1.13
2025-03-26,002346,11.56,11.96,11.96,11.56,49955,59320603.0,3.43,2.49,0.29,1.27
2025-03-27,002346,11.96,11.7,11.96,11.67,44054,51904596.41,2.42,-2.17,-0.26,1.12
2025-03-28,002346,11.69,11.55,11.83,11.5,28515,33071728.34,2.82,-1.28,-0.15,0.72
2025-03-31,002346,11.43,11.65,11.73,11.23,35215,40740887.77,4.33,0.87,0.1,0.9
2025-04-01,002346,11.65,11.77,11.94,11.62,30019,35315515.38,2.75,1.03,0.12,0.76
2025-04-02,002346,11.71,11.77,11.9,11.71,22461,26483614.5,1.61,0.0,0.0,0.57
2025-04-03,002346,11.65,11.57,11.77,11.5,27861,32330397.0,2.29,-1.7,-0.2,0.71
2025-04-07,002346,11.2,10.41,11.33,10.41,94122,100668146.0,7.95,-10.03,-1.16,2.39
2025-04-08,002346,10.55,10.94,11.08,10.5,74119,80297137.43,5.57,5.09,0.53,1.88
2025-04-09,002346,10.84,11.51,11.57,10.42,69669,76968799.0,10.51,5.21,0.57,1.77
2025-04-10,002346,11.57,11.55,11.9,11.53,44618,52072847.0,3.21,0.35,0.04,1.13
2025-04-11,002346,11.66,11.77,11.9,11.51,43267,50697969.0,3.38,1.9,0.22,1.1
2025-04-14,002346,11.88,12.31,12.55,11.88,80290,98330408.67,5.69,4.59,0.54,2.04
2025-04-15,002346,12.31,12.57,12.72,12.25,71949,90119777.0,3.82,2.11,0.26,1.83
2025-04-16,002346,12.49,12.2,12.65,12.14,49821,61513251.64,4.06,-2.94,-0.37,1.27
2025-04-17,002346,12.13,12.28,12.36,12.1,34046,41726431.96,2.13,0.66,0.08,0.87
2025-04-18,002346,12.19,12.3,12.48,12.16,23039,28287879.96,2.61,0.16,0.02,0.59
2025-04-21,002346,12.28,12.54,12.59,12.22,33288,41433226.0,3.01,1.95,0.24,0.85
2025-04-22,002346,12.51,12.92,13.09,12.46,55204,71221215.5,5.02,3.03,0.38,1.4
2025-04-23,002346,13.02,12.94,13.08,12.76,35251,45426759.65,2.48,0.15,0.02,0.9
2025-04-24,002346,13.02,12.98,13.53,12.83,65057,85280116.0,5.41,0.31,0.04,1.65
2025-04-25,002346,12.99,13.32,13.47,12.99,48813,65008211.95,3.7,2.62,0.34,1.24
2025-04-28,002346,13.45,13.26,13.62,13.17,50534,67769445.51,3.38,-0.45,-0.06,1.28
2025-04-29,002346,13.31,12.92,13.33,12.89,52047,67888131.05,3.32,-2.56,-0.34,1.32
2025-04-30,002346,12.93,13.1,13.14,12.87,32431,42298968.07,2.09,1.39,0.18,0.82
2025-05-06,002346,13.19,13.44,13.45,13.19,41445,55356705.65,1.98,2.6,0.34,1.05
2025-05-07,002346,13.65,13.81,13.89,13.45,52025,71113174.0,3.27,2.75,0.37,1.32
2025-05-08,002346,13.86,14.5,14.6,13.58,96099,137496014.0,7.39,5.0,0.69,2.44
2025-05-09,002346,14.54,13.87,14.54,13.78,62566,87386315.61,5.24,-4.34,-0.63,1.59
2025-05-12,002346,13.88,14.03,14.09,13.76,44037,61333645.03,2.38,1.15,0.16,1.12
2025-05-13,002346,14.24,13.95,14.24,13.88,29032,40511549.97,2.57,-0.57,-0.08,0.74
2025-05-14,002346,13.88,13.92,13.99,13.67,29794,41333173.0,2.29,-0.22,-0.03,0.76
2025-05-15,002346,13.92,13.74,13.93,13.6,26151,35923357.5,2.37,-1.29,-0.18,0.66
2025-05-16,002346,13.8,13.77,13.88,13.69,18926,26062523.4,1.38,0.22,0.03,0.48
2025-05-19,002346,13.77,13.96,14.04,13.69,25982,36031794.0,2.54,1.38,0.19,0.66
2025-05-20,002346,13.9,13.92,13.98,13.76,21134,29307718.0,1.58,-0.29,-0.04,0.54
2025-05-21,002346,13.89,13.74,14.06,13.7,22468,31022467.85,2.59,-1.29,-0.18,0.57
2025-05-22,002346,13.8,13.65,13.95,13.63,20455,28145100.0,2.33,-0.66,-0.09,0.52
2025-05-23,002346,13.65,13.43,13.76,13.43,17807,24183730.0,2.42,-1.61,-0.22,0.45
2025-05-26,002346,13.48,13.55,13.58,13.31,16553,22303335.8,2.01,0.89,0.12,0.42
2025-05-27,002346,13.61,13.61,13.67,13.44,13518,18330212.0,1.7,0.44,0.06,0.34
2025-05-28,002346,13.65,13.51,13.73,13.45,16147,21857856.0,2.06,-0.73,-0.1,0.41
2025-05-29,002346,13.51,13.44,13.56,13.38,19168,25808530.85,1.33,-0.52,-0.07,0.49
2025-05-30,002346,13.53,13.66,13.95,13.41,41505,57028316.0,4.02,1.64,0.22,1.06
2025-06-03,002346,13.66,13.92,13.96,13.47,28860,39718220.0,3.59,1.9,0.26,0.73
2025-06-04,002346,13.94,14.19,14.35,13.8,36161,51274487.0,3.95,1.94,0.27,0.92
2025-06-05,002346,14.23,14.38,14.49,14.15,46967,67351516.65,2.4,1.34,0.19,1.19
2025-06-06,002346,14.43,14.65,14.74,14.32,44032,64225294.0,2.92,1.88,0.27,1.12
2025-06-09,002346,14.75,14.25,14.78,14.2,45313,65012342.0,3.96,-2.73,-0.4,1.15
2025-06-10,002346,14.25,14.29,14.52,14.05,28450,40577647.0,3.3,0.28,0.04,0.72
2025-06-11,002346,14.29,14.22,14.34,14.13,20550,29202124.2,1.47,-0.49,-0.07,0.52
2025-06-12,002346,14.22,14.23,14.28,14.11,26567,37674374.85,1.2,0.07,0.01,0.68
2025-06-13,002346,13.79,13.62,13.79,13.52,25107,34200829.0,1.9,-4.29,-0.61,0.64
2025-06-16,002346,13.61,13.55,13.76,13.53,20163,27466448.25,1.69,-0.51,-0.07,0.51
2025-06-17,002346,13.66,13.62,13.72,13.5,20443,27806541.0,1.62,0.52,0.07,0.52
2025-06-18,002346,13.61,13.52,13.69,13.42,20992,28396333.0,1.98,-0.73,-0.1,0.53
2025-06-19,002346,13.49,13.17,13.59,13.11,21991,29268836.0,3.55,-2.59,-0.35,0.56
2025-06-20,002346,13.17,13.11,13.43,13.1,15044,19881838.0,2.51,-0.46,-0.06,0.38
2025-06-23,002346,12.93,13.2,13.23,12.92,16693,21860573.0,2.36,0.69,0.09,0.42
2025-06-24,002346,13.24,13.57,13.58,13.2,21849,29422515.1,2.88,2.8,0.37,0.56
2025-06-25,002346,13.64,13.65,13.79,13.57,22422,30654272.0,1.62,0.59,0.08,0.57
2025-06-26,002346,13.65,13.52,13.73,13.48,15229,20692781.0,1.83,-0.95,-0.13,0.39
2025-06-27,002346,13.51,13.51,13.66,13.42,18337,24752689.0,1.78,-0.07,-0.01,0.47
2025-06-30,002346,13.62,13.6,13.66,13.5,17261,23461523.36,1.18,0.67,0.09,0.44
2025-07-01,002346,13.64,13.71,13.79,13.56,25021,34218440.0,1.69,0.81,0.11,0.64
2025-07-02,002346,13.81,13.7,13.88,13.58,24597,33719677.0,2.19,-0.07,-0.01,0.63
2025-07-03,002346,13.78,13.59,13.78,13.44,22177,30102793.0,2.48,-0.8,-0.11,0.56
2025-07-04,002346,13.68,13.56,13.68,13.45,16634,22556427.0,1.69,-0.22,-0.03,0.42
2025-07-07,002346,13.66,13.94,13.95,13.47,35451,48901891.0,3.54,2.8,0.38,0.9
2025-07-08,002346,14.23,14.19,14.31,13.88,51071,72438848.67,3.08,1.79,0.25,1.3
2025-07-09,002346,14.19,14.33,14.48,14.16,34996,50106689.66,2.26,0.99,0.14,0.89
2025-07-10,002346,14.37,13.92,14.4,13.88,40546,57073145.0,3.63,-2.86,-0.41,1.03
2025-07-11,002346,14.01,13.87,14.01,13.7,33732,46658017.76,2.23,-0.36,-0.05,0.86
2025-07-14,002346,13.88,14.19,14.22,13.84,28419,40019570.0,2.74,2.31,0.32,0.72
2025-07-15,002346,13.85,13.11,13.85,13.01,90666,120337745.18,5.92,-7.61,-1.08,2.3
2025-07-16,002346,13.1,13.16,13.3,13.0,38196,50286133.92,2.29,0.38,0.05,0.97
2025-07-17,002346,13.16,13.1,13.25,13.05,24088,31592259.0,1.52,-0.46,-0.06,0.61
2025-07-18,002346,13.2,13.13,13.24,13.02,27011,35366618.0,1.68,0.23,0.03,0.69
2025-07-21,002346,13.3,13.45,13.48,13.2,30425,40641428.0,2.13,2.44,0.32,0.77
